Crash Type,Report Made?,Date / Time,Case Number,District,Crash Location,Lanes Of Traffic,Signal Present?,Speed Limit Of Road (MPH),Road Type,Synopsis,Ticket/Arrest?,Citation To,Pedestrian Age,Pedestrian Gender,Pedestrian City Of Residence,Pedestrian Zip Code,Biker Age,Biker Gender,Biker City of Residence,Biker Zip Code,Driver Age,Driver Gender,Driver City Of Residence,Driver Zip Code,Injury to Pedestrian?,Level of Injury to Pedestrian,Pedestrian to Hospital?,Injury to Biker?,Level of Injury to Biker,Biker to Hospital?,Crash Lat/Long Location,Count
Pedestrian,Yes,09/28/2016 02:11:00 PM,16-198359,Eastern District,McKnight Rd N & Old Hudson,5,Yes,30,County - State Aid Highway,,No,None,88,Male,St. Paul,55119,,,,,74,Female,Maplewood,55119,Yes,Suspected Minor Injury,No,,,,"(44.95073406, -93.00524918)",1
Pedestrian,Yes,09/29/2016 03:56:00 PM,16-199185,Western District,Grand Ave & Saratoga St,3,No,30,Municipal Aid Street,,No,None,69,Female,St. Paul,55102,,,,,26,Female,St. Paul,55104,Yes,Suspected Serious Injury,Yes,,,,"(44.94026, -93.164641)",1
Bike,Yes,09/29/2016 06:05:00 PM,16-199296,Western District,Cleveland Ave S & Highland Pkwy,3,No,30,County - State Aid Highway,,Yes,Driver,,,,,24,Female,St. Paul,55104,41,Female,Minneapolis,55406,,,,Yes,Suspected Minor Injury,Yes,"(44.91978294, -93.18737662)",1
Bike,Yes,09/29/2016 08:59:00 PM,16-199431,Central District,Annapolis St W & Ohio street,2,No,30,Municipal Aid Street,,No,None,,,,,38,Male,West St. Paul,55118,,Unknown,Unknown,Unknown,,,,Yes,Suspected Minor Injury,Yes,"(44.91968322, -93.09758799)",1
Pedestrian,Yes,09/30/2016 04:44:00 PM,16-200017,Western District,Chatsworth St N & Summit Ave,2,No,30,Municipal Aid Street,,Yes,Driver,21,Male,Minneapolis,55418,,,,,78,Female,St. Paul,55107,Yes,Possible Injury,Yes,,,,"(44.9413745, -93.14143643)",1
Bike,Yes,10/01/2016 12:20:00 PM,16-200728,Western District,Arundel St N & University Ave W,2,No,30,City Street,,No,None,,,,,79,Male,St. Paul,55103,32,Female,St. Paul,55103,,,,Yes,Possible Injury,Yes,"(44.95587465, -93.11874694)",1
Pedestrian,Yes,10/02/2016 11:05:00 AM,16-201547,Western District,Dale St N & University Ave W,5,Yes,30,County - State Aid Highway,,Yes,Pedestrian,21,Male,St. Paul,55103,,,,,33,Male,Burnsville,55337,Yes,Suspected Minor Injury,No,,,,"(44.95597, -93.127475)",1
Pedestrian,Yes,10/03/2016 11:14:00 AM,16-202298,Western District,University Ave W & Wheeler St,4,No,30,County - State Aid Highway,,No,None,22,Female,St. Paul,55104,,,,,52,Female,Monticello,55362,Yes,Suspected Minor Injury,Yes,,,,"(44.955591, -93.174631)",1
Pedestrian,Yes,10/03/2016 02:25:00 PM,16-202446,Central District,Jessamine Ave W & Park St,2,No,30,City Street,,No,None,18,Male,St. Paul,55104,,,,,28,Male,South St. Paul,55075,Yes,None,No,,,,"(44.9747271, -93.10219329)",1
Ped2,,10/03/2016 02:25:01 PM,16-202446,,,,,,,,,,20,Female,St. Paul,55104,,,,,,,,,Yes,Possible Injury,Yes,,,,,1
Ped2,,10/03/2016 02:25:02 PM,16-202446,,,,,,,,,,1,Female,St. Paul,55104,,,,,,,,,Yes,Suspected Minor Injury,Yes,,,,,1
Pedestrian,Yes,10/05/2016 03:34:00 PM,16-204238,Central District,7 St E & Olive,5,No,30,State - Trunk Highway,,Yes,Driver,23,Female,St. Paul,55106,,,,,31,Male,Maplewood,55119,Yes,Suspected Minor Injury,Yes,,,,"(44.95295951, -93.08528582)",1
Pedestrian,Yes,10/05/2016 06:40:00 PM,16-204409,Western District,Dale St N & Thomas Ave,2,No,10,Alley,,No,None,31,Female,Brooklyn Park,55443,,,,,85,Female,St. Paul,55104,Yes,Suspected Minor Injury,No,,,,"(44.95909133, -93.12651294)",1
Pedestrian,Yes,10/06/2016 10:37:00 AM,16-204866,Western District,University Ave W & Transfer Rd,5,Yes,30,County - State Aid Highway,,No,None,35,Male,Richfield,55423,,,,,,Unknown,Unknown,Unknown,Yes,Suspected Minor Injury,Yes,,,,"(44.95991583, -93.18736852)",1
Pedestrian,Yes,10/06/2016 12:16:00 PM,16-204937,Western District,University Ave W & Arundel St,4,No,30,County - State Aid Highway,,No,None,48,Female,St. Paul,55104,,,,,53,Female,Hammond,54015,Yes,Suspected Minor Injury,Yes,,,,"(44.9559309, -93.11867273)",1
Pedestrian,Yes,10/06/2016 01:13:00 PM,16-205020,Western District,Lexington Pkwy N & Concordia,7,Yes,30,County - State Aid Highway,,No,None,40,Male,St. Paul,55106,,,,,58,Male,Falcon Heights,55113,Yes,Possible Injury,No,,,,"(44.95114068, -93.14694244)",1
Pedestrian,Yes,10/06/2016 08:47:00 PM,16-205335,Eastern District,York and Desoto,Private,No,10,Private Parking Lot,,No,None,29,Female,Savage,55378,,,,,19,Male,St. Paul,55117,Yes,Possible Injury,Yes,,,,"(44.968776, -93.080973)",1
Bike,Yes,10/08/2016 04:54:00 PM,16-206730,Eastern District,Arcade St & Jenks,4,No,30,State - Trunk Highway,Bike was riding fast on sidewalk and struck a vehicle emerging from the alley at this intersection.,No,None,,,,,16,Male,St. Paul,55106,54,Male,St. Paul,55119,,,,Yes,Suspected Minor Injury,Yes,"(44.97165737, -93.06595957)",1
Bike,Yes,10/10/2016 05:56:00 PM,16-208195,Eastern District,3rd St E & Mounds Blvd,4,Yes,30,Municipal Aid Street,Driver turned right on red and struck a biker that was riding the wrong way against traffic.,No,None,,,,,43,Male,St. Paul,55106,24,Female,Inver Grove Heights,55076,,,,Yes,Suspected Minor Injury,Yes,"(44.95412763, -93.07169218)",1
Pedestrian,Yes,10/13/2016 07:48:00 AM,16-210347,Eastern District,Hazel St N & Wilson,2,No,30,City Street,Pedestrian stepped off curb at corner to look for the bus and was brushed by a vehicle.  Vehicle failed to stop and fled the scene.,No,None,13,Female,St. Paul,55119,,,,,,Unknown,Unknown,Unknown,No,None,No,,,,"(44.95414314, -93.02025847)",1
Bike,Yes,10/13/2016 09:04:00 AM,16-210392,Western District,Dayton Ave & Lexington,2,No,30,City Street,Biker riding on W sidewalk NB Lexington crossing Dayton when vehicle SB Lexington made right turn to WB Dayton striking biker.,No,None,,,,,15,Male,St. Paul,55104,17,Female,St. Paul,55104,,,,No,None,No,"(44.94741991, -93.14697152)",1
Bike,Yes,10/13/2016 06:52:00 PM,16-210884,Eastern District,Orange Ave E & Payne Ave,2,No,30,Municipal Aid Street,Driver making a left turn struck a biker who was riding on the sidewalk crossing street.,No,None,,,,,49,Female,St. Paul,55106,37,Female,St. Paul,55106,,,,Yes,Possible Injury,Yes,"(44.97914769, -93.07356232)",1
Pedestrian,Yes,10/16/2016 02:25:00 AM,16-212712,Central District,1638 Rice Street,Private,No,10,Private Parking Lot,Vehicle intentionally ran over the pedestrian in a private parking lot. Case is classified as an aggravated assault.,No,None,22,Male,West St. Paul,55118,,,,,24,Female,Unknown,Unknown,Yes,Suspected Minor Injury,Yes,,,,"(44.990577, -93.105652)",1
Ped2,,10/16/2016 02:25:01 AM,16-212712,,,,,,,ped 2 of 2 for above crash,,,22,Female,St. Paul,55106,,,,,,,,,Yes,Suspected Minor Injury,Yes,,,,,1
Pedestrian,Yes,10/17/2016 09:58:00 PM,16-045927,Transit,3rd St & Germain St,2,No,30,Municipal Aid Street,Ped was illegally crossing street.  Bus' right rear mirror struck the ped.,No,None,28,Male,St. Paul,55106,,,,,62,Female,St. Paul,55130,Yes,Suspected Minor Injury,Yes,,,,"(44.9568002, -93.0330386)",1
Pedestrian,No,10/18/2016 04:14:00 PM,16-214545,Central District,7th St E & Wall St,5,Yes,30,State - Trunk Highway,Ped was crossing where posted no crossing and walked into a vehicle  No injuries.,No,None,62,Male,St. Paul,55101,,,,,41,Female,Cannon Falls,55009,No,None,No,,,,"(44.951457, -93.087417)",1
Bike,No,10/18/2016 05:45:00 PM,16-214646,Central District,Randolph Ave & View St,2,No,30,County - State Aid Highway,Unknown - no report,No,None,,,,,,Unknown,Unknown,Unknown,,Unknown,Unknown,Unknown,,,,No,None,No,"(44.926875, -93.133102)",1
Bike,No,10/19/2016 08:30:00 AM,16-216359,Central District,Snelling Ave S & Ford Pkwy,4,Yes,30,State - Trunk Highway,"No report: Bike riding SB Snelling, vehicle NB made left and struck bike at Ford Pkwy.  No injuries, bike totaled.",No,None,,,,,14,Male,St. Paul,55116,65,Male,Unknown,Unknown,,,,No,None,No,"(44.917929, -93.16703)",1
Bike,Yes,10/19/2016 05:59:00 PM,16-215616,Central District,Robert St N & 12th Street,2,No,30,County - State Aid Highway,Unknown - bike hit by car,No,None,,,,,55,Male,St. Paul,55101,,Unknown,Unknown,Unknown,,,,Yes,Suspected Minor Injury,Yes,"(44.953252, -93.096845)",1
Bike,Yes,10/21/2016 04:02:00 PM,16-216954,Eastern District,Acrade St & Rose St,4,No,30,State - Trunk Highway,"Bike riding NB on W sidewalk of Arcade at high rate of speed, with no operating brakes.  Veh EB Rose, pulled forward from stop sign to see traffic.  Bike rode into car because it was unable to stop.",No,None,,,,,14,Male,St. Paul,55106,28,Female,Vadnais Heights,55127,,,,No,None,No,"(44.976618, -93.065963)",1
Bike,Yes,10/21/2016 05:01:00 PM,16-217006,Central District,7th St E & Bates St,4,No,30,State - Trunk Highway,"Bike riding WB on 7th St in EB lanes, wrong direction.  Vehicle EB side swiped biker, causing injury and mirror to break off car.  Vehicle did not stop, H&R.",No,None,,,,,51,Male,St. Paul,55106,,Unknown,Unknown,Unknown,,,,Yes,Suspected Minor Injury,Yes,"(44.95892253, -93.07216779)",1
Pedestrian,No,10/24/2016 10:36:00 AM,16-218831,Western District,Grand Ave & Hamline Ave S,3,Yes,30,Municipal Aid Street,Unknown - no report,No,None,,Unknown,Unknown,Unknown,,,,,,Unknown,Unknown,Unknown,,,,,,,"(44.940035, -93.156826)",1
Bike,No,10/25/2016 06:56:00 PM,16-220015,Western District,Montreal Ave & Howell,2,No,30,Municipal Aid Street,"no report; per e-mail, citizen was biking in traffic lane (with lights and reflective clothing) when vehicle struck him.",No,None,,,,,,Male,Unknown,Unknown,,Unknown,Unknown,Unknown,,,,No,None,No,"(44.912491, -93.18121)",1
Pedestrian,Yes,10/26/2016 06:42:00 AM,16-220286,Central District,7th St E & Wall St,5,Yes,30,State - Trunk Highway,"Ped crossing 7th Street.  Vehicle NB Wall at 7, making left turn.  Driver did not see ped and struck ped who was in crosswalk and had a walk sign.",Yes,Driver,67,Male,Stillwater,55082,,,,,47,Male,St. Paul,55106,Yes,Possible Injury,Yes,,,,"(44.951457, -93.087417)",1
Bike,No,10/26/2016 05:18:00 PM,16-220683,Western District,Lexington Pkwy & Charles Ave,4,No,30,County - State Aid Highway,"Unknown, no report",No,None,,,,,37,Male,Unknown,Unknown,,Unknown,Unknown,Unknown,,,,Yes,Suspected Minor Injury,No,"(44.957545, -93.146542)",1
Pedestrian,No,10/26/2016 05:28:00 PM,16-220688,Eastern District,7th St E & Maria,4,Yes,30,State - Trunk Highway,"Driver was NB Maria making a right turn onto 7th.  Ped was not crossing as she made her turn, but then darted into traffic.  Driver struck pedestrian.  Pedestrian was not cooperative with investigation, no crash report made.",No,None,,Male,Unknown,Unknown,,,,,52,Female,Minneapolis,55407,Unknown,Unknown,No,,,,"(44.95811392, -93.07384228)",1
Pedestrian,Yes,10/26/2016 06:51:00 PM,16-220774,Western District,Chatsworth St N & Aurora,2,No,30,City Street,"Driver tried to turn on windshield wipers, but placed vehicle into reverse and struck a pedestrian.  Driver cited for FTY.",Yes,Driver,38,Female,St. Paul,55104,,,,,21,Male,St. Paul,55101,Yes,Suspected Minor Injury,Yes,,,,"(44.954829, -93.141553)",1
Pedestrian,Yes,10/27/2016 07:05:00 AM,16-221066,Western District,Chatsworth St N & Selby Ave,2,No,30,County - State Aid Highway,"Pedestrian was crossing Selby near Chatsworth.  Conflicting story about whether pedestrian was in the crosswalk, independent witness did not see pedestrian in crosswalk.",No,None,15,Male,St. Paul,55104,,,,,60,Female,St. Paul,55104,Yes,Possible Injury,Yes,,,,"(44.94677385, -93.14143927)",1
Pedestrian,Yes,10/27/2016 06:18:00 PM,16-221580,Eastern District,3rd St E & Kennard St,2,No,30,Municipal Aid Street,"pedestrian was crossing the street, mid block, after stepping out from between 2 parked cars and was struck by vehicle.",No,None,23,Male,St. Paul,55106,,,,,31,Female,Apple Valley,55124,Yes,Suspected Minor Injury,No,,,,"(44.956606, -93.03094)",1
Pedestrian,Yes,10/28/2016 11:31:00 PM,16-222662,Central District,I35E Fwy & Randolph,4,Yes,30,County - State Aid Highway,"Vehicle WB Randolph, making left to SB 35E.  Ped WB Randolph on S sidewalk/x-walk.",No,None,38,Male,St. Paul,55102,,,,,26,Male,St. Paul,55107,Yes,Suspected Minor Injury,Yes,,,,"(44.92679, -93.142018)",1
Pedestrian,Yes,10/29/2016 06:25:00 PM,16-223232,Western District,Dewey St & Marshall,3,No,30,County - State Aid Highway,pedestrian crossing Marshall in an unmarked x-walk.  Driver was eb Marshall and struck the pedestrian.  Driver stated he did not see the pedestrian.,Yes,Driver,64,Male,St. Paul,55116,,,,,86,Male,Minneapolis,55404,Yes,Suspected Minor Injury,Yes,,,,"(44.948404, -93.178538)",1
Pedestrian,Yes,10/31/2016 04:34:00 PM,16-224512,Central District,6th St E & Cedar St,4,Yes,30,Municipal Aid Street,Pedestrian got off a bus and ran across the street against the red light.  Pedestrian was struck by vehicle.  A motorcycle behind the vehicle then crashed as a result.  Pedestrian and motorcycle driver both went to hospital.  Pedestrian cited for illegal crossing,Yes,Pedestrian,27,Male,Brooklyn Center,55429,,,,,68,Male,St. Paul,55105,Yes,Possible Injury,Yes,,,,"(44.947102, -93.093976)",1
Bike,Yes,10/31/2016 04:52:00 PM,16-224531,Eastern District,720 Iowa Ave E,2,No,30,City Street,Biker turned  into vehicle,No,None,,,,,,Male,St. Paul,55106,43,Male,St. Paul,55106,,,,No,None,No,"(44.989078, -93.070313)",1
Pedestrian,Yes,11/01/2016 06:47:00 PM,16-225409,Central District,11th Street & Jackson Street,6,Yes,30,Municipal Aid Street,"Ped crossing against signal and was struck be vehicle.  Driver stopped to check, but then left scene without providing any information.",No,None,30,Male,St. Paul,55119,,,,,,Unknown,Unknown,Unknown,Yes,Suspected Minor Injury,Yes,,,,"(44.95288559, -93.09388244)",1
Bike,Yes,11/01/2016 07:46:00 PM,16-225437,Western District,Snelling & Sherburne,4,No,30,State - Trunk Highway,"Bike was NB Snelling in crosswalk at Sherburne.  Vehicle WB Sherburne to NB Snelling, struck biker and fled scene.",No,None,,,,,63,Male,St. Paul,55104,,Unknown,Unknown,Unknown,,,,Yes,Possible Injury,Yes,"(44.956561, -93.167073)",1
Pedestrian,Yes,11/02/2016 02:21:00 PM,16-225980,Central District,Arlington Ave W & Matilda,2,No,30,Municipal Aid Street,Pedestrian crossing in marked crosswalk was struck by vehicle.,No,None,78,Male,St. Paul,55117,,,,,68,Male,St. Paul,55117,Yes,FATAL,Yes,,,,"(44.984584, -93.112304)",1
Pedestrian,Yes,11/04/2016 05:53:00 PM,16-227611,Eastern District,Clarence St & Maryland Ave E,5,Yes,30,County - State Aid Highway,Pedestrian darted across Maryland against the signal and was struck by vehicle.  Pedestrian cited for violation.,Yes,Pedestrian,39,Male,Columbia Heights,55421,,,,,27,Male,St. Paul,55106,Yes,Possible Injury,Yes,,,,"(44.977542, -93.04313)",1
Pedestrian,Yes,11/06/2016 02:12:00 PM,16-228761,Eastern District,1257 Arkwright Street,2,No,30,City Street,7 y/o ran across street without looking for vehicles.,No,None,7,Female,St. Paul,55130,,,,,21,Male,St. Paul,55130,Yes,Possible Injury,No,,,,"(44.979062, -93.083884)",1
Pedestrian,No,11/08/2016 02:59:00 PM,16-230148,Eastern District,White Bear Ave N & Suburban,4,Yes,30,County - State Aid Highway,"Vehicle made left turn, striking pedestrian who was crossing legally in a marked x-walk.  Driver cited",Yes,Driver,37,Female,St. Paul,55119,,,,,37,Female,St. Paul,55106,Yes,Suspected Minor Injury,Yes,,,,"(44.949685, -93.025222)",1
Pedestrian,No,11/08/2016 05:20:00 PM,16-230251,Eastern District,Arcade Street & Maryland Ave,5,Yes,30,County - State Aid Highway,Unknown - no report,No,None,14,Female,St. Paul,55106,,,,,31,Male,Unknown,Unknown,No,None,No,,,,"(44.977522, -93.065967)",1
Bike,No,11/10/2016 04:04:00 PM,16-231693,Western District,Lexington Pkwy N & University Ave W,5,No,30,County - State Aid Highway,"Unknown, no report.  Per complainant, very minor damage, bike hit mirror of car.",No,None,,,,,,Unknown,Unknown,Unknown,,Unknown,Unknown,Unknown,,,,No,None,No,"(44.955656, -93.14655)",1
Bike,Yes,11/11/2016 12:16:00 PM,16-232273,Eastern District,Forest St & Minnehaha Ave E,2,No,30,Municipal Aid Street,Bike crossing forest in alley struck vehicle.  Bike cited for failure to yield right of way.,Yes,Biker,,,,,51,Male,St. Paul,55106,92,Male,St. Paul,55106,,,,Yes,Possible Injury,Yes,"(44.963048, -93.060975)",1
Pedestrian,No,11/11/2016 12:41:00 PM,16-232284,Western District,Como Ave & Doswell,2,Yes,30,Municipal Aid Street,"No report.  Pedestrian refused to make report, but did give officer basic information about crash.  Driver admitted fault so he was cited for failure to yield to pedestrian in crosswalk.",Yes,Driver,,Unknown,Unknown,Unknown,,,,,62,Male,St. Paul,55108,Yes,Suspected Minor Injury,No,,,,"(44.982394, -93.195791)",1
Pedestrian,Yes,11/11/2016 01:27:00 PM,16-232302,Western District,Grand Ave & Victoria St,2,Yes,30,Municipal Aid Street,"Driver SB Victoria, making right to WB Grand on green light.  Ped was crossing SB in marked crosswalk with green and walk sign.  Driver cited for fail to yield, NPI and DAR.",Yes,Driver,76,Female,Hastings,55033,,,,,56,Female,Mounds View,55112,Yes,Possible Injury,Yes,,,,"(44.939959, -93.13642)",1
Pedestrian,Yes,11/11/2016 08:07:00 PM,16-232570,Western District,Thomas Ave W & Dunlap St N,2,No,30,Municipal Aid Street,vehicle pulled out of a parking space and struck pedestrian who was illegally in roadway.,No,None,30,Female,St. Paul,55104,,,,,,Unknown,Unknown,Unknown,Yes,Possible Injury,Yes,,,,"(44.95925569, -93.1488233)",1
Bike,Yes,11/13/2016 11:31:00 AM,16-233691,Central District,Maryland Ave W & Rice Street,4,No,30,County - State Aid Highway,Vehicle entering Maryland from parking lot struck bikes who were riding on the sidewalk.,No,None,,,,,10,Male,St. Paul,55106,31,Female,St. Paul,55130,,,,Yes,Possible Injury,Yes,"(44.977385, -93.105921)",1
Pedestrian,Yes,11/13/2016 01:10:00 PM,16-233730,Western District,Snelling Ave S & Juliet St,4,No,30,State - Trunk Highway,Ped crossing E to W in unmarked x-walk.  1 vehicle stopped and ped started to walk.  Another vehicle went around stopped vehicle SB Snelling and struck the ped.,No,None,18,Female,"Berkely, CA",94710,,,,,19,Male,Bloomington,55425,Yes,Suspected Serious Injury,Yes,,,,"(44.92969071, -93.16713766)",1
Pedestrian,Yes,11/14/2016 07:12:00 PM,16-234712,Western District,University Ave W & Simpson Street,4,No,30,County - State Aid Highway,"vehicle was WB University.  Driver stated his tire blew out and he lost control of vehicle, veering to the right, over the curb, through a fence and into a parking lot.  Driver struck a pedestrian who was on sidewalk and another parked vehicle in the parking lot.",Yes,Driver,32,Female,St. Paul,55104,,,,,21,Male,Prairie Farm,54762,Yes,Suspected Serious Injury,Yes,,,,"(44.955739, -93.163666)",1
Pedestrian,Yes,11/16/2016 12:28:00 PM,16-235922,Western District,Victoria St N & Blair Ave,2,No,30,City Street,"Pedestrian told police he was walking near this location when he was struck by a vehicle, Unknown make, model or color.  No further information.",No,None,57,Male,St. Paul,55104,,,,,,Unknown,Unknown,Unknown,Yes,Suspected Serious Injury,Yes,,,,"(44.96109313, -93.13647421)",1
Pedestrian,Yes,11/16/2016 03:32:00 PM,16-236001,Western District,1300 University Ave W,Private,No,10,Private Parking Lot,Driver backing out of a parking spot in the Target lot bumped into a pedestrian,No,None,46,Male,St. Paul,55104,,,,,69,Male,St. Paul,55104,Yes,Possible Injury,Yes,,,,"(44.953311, -93.155535)",1
Pedestrian,Yes,11/17/2016 07:29:00 PM,16-236935,Central District,Cesar Chavez St & State Street,3,Yes,30,Municipal Aid Street,Vehicle was EB on Cesar Chavez at State Street.  Vehicle struck pedestrian.  Driver was found to be intoxicated.,Yes,Driver,17,Male,St. Paul,55107,,,,,49,Male,Roseville,55113,Yes,Suspected Serious Injury,Yes,,,,"(44.92975035, -93.07788957)",1
Bike,Yes,11/19/2016 02:17:00 PM,16-238080,Eastern District,White Bear Ave N & Minnehaha Ave E,2,Yes,30,State - Trunk Highway,"Bike was SB on E sidewalk of White Bear Ave.  Vehicle was WB on Minnehaha, making a right turn to NB White Bear, striking the biker who was travelling with a walk signal.",No,None,,,,,54,Female,Minneapolis,55417,63,Female,St. Paul,55106,,,,Yes,Suspected Minor Injury,No,"(44.963083, -93.025319)",1
Bike,No,11/20/2016 12:14:00 PM,16-238630,Western District,1450 University Ave W (Herberger's Parking Lot),Private,No,10,Private Parking Lot,"Vehicle Vs. Bike in parking lot, comments in call said low speed and no damage.  No further information available, no report made.",No,None,,,,,,Unknown,Unknown,Unknown,,Unknown,Unknown,Unknown,,,,No,None,No,"(44.955134, -93.160424)",1
Bike,Yes,11/22/2016 03:07:00 PM,16-240047,Eastern District,Maryland Ave E & Arcade St,4,Yes,30,State - Trunk Highway,"Bike travelling EB Maryland in crosswalk at Arcade, entered intersection on yellow light.  Vehicle NB Arcade in right lane on green light (at time of crash) did not see bike and crashed.",No,None,,,,,15,Male,St. Paul,55106,17,Female,St. Paul,55102,,,,Yes,Possible Injury,No,"(44.977522, -93.065967)",1
Pedestrian,Yes,11/22/2016 05:26:00 PM,16-240156,Central District,University Ave W & Rice Street,5,Yes,30,County - State Aid Highway,Pedestrian crossing University in crosswalk with signal.  Vehicle was EB University and claimed to have green signal.  Driver said they saw the pedestrian but were unable to stop due to road conditions.  Driver cited for driving without a license.,Yes,Driver,61,Male,St. Paul,55102,,,,,20,Female,St. Paul,55130,Yes,Suspected Serious Injury,Yes,,,,"(44.955854, -93.105953)",1
Bike,Yes,11/25/2016 12:06:00 PM,16-241915,Eastern District,Minnehaha Ave E & Edgerton St,2,No,30,County - State Aid Highway,"Vehicle was SB Edgerton, stopped at stop sign, then made left onto EB Minnehaha.  Bike was crossing NB Edgerton in marked crosswalk, when struck by vehicle.  Driver cited for FTY ped in crosswalk.",Yes,Driver,,,,,9,Male,St. Paul,55130,25,Male,St. Paul,55130,,,,Yes,Suspected Minor Injury,No,"(44.962998, -93.073942)",1
Pedestrian,Yes,11/27/2016 05:10:00 PM,16-243488,Eastern District,White Bear Ave N & Minnehaha Ave E,2,Yes,30,State - Trunk Highway,9 y/o male crossing street against red light walked into vehicle.  No injuries.,No,None,9,Male,Bloomington,55431,,,,,68,Male,St. Paul,55106,No,None,No,,,,"(44.963083, -93.025319)",1
Pedestrian,Yes,11/28/2016 05:59:00 PM,16-244240,Western District,Summit Ave & Snelling Ave N,4,Yes,30,State - Trunk Highway,"Ped crossing Snelling in crosswalk of Summit (WB).  Vehicle was WB Summit, made left turn and struck ped.",Yes,Driver,32,Female,St. Paul,55105,,,,,49,Male,Minneapolis,55417,Yes,Suspected Minor Injury,Yes,,,,"(44.941262, -93.167004)",1
Pedestrian,Yes,11/29/2016 06:00:00 PM,16-245043,Western District,Randolph Ave & Kenneth St,2,No,30,County - State Aid Highway,"Pedestrian was on N side of Randolph, midblock E of Kenneth, and began to cross to the south.  Vehicle travelling WB struck pedestrian.",No,None,23,Female,St. Paul,55116,,,,,29,Male,St. Paul,55104,Yes,Suspected Serious Injury,Yes,,,,"(44.927222, -93.184326)",1
Pedestrian,Yes,11/29/2016 08:27:00 PM,16-245143,Central District,7th St W & Smith Ave N,4,Yes,30,State - Trunk Highway,Pedestrian was crossing Smith EB on 7th when a vehicle illegally went around a stopped vehicle and struck the pedestrian.  Driver fled.,No,None,46,Female,St. Paul,55101,,,,,,Unknown,Unknown,Unknown,Yes,Possible Injury,Yes,,,,"(44.939524, -93.109361)",1
Pedestrian,Yes,11/30/2016 08:47:00 AM,16-245407,Western District,Concordia Ave & Hamline Ave N,4,Yes,30,Municipal Aid Street,Pedestrian illegally crossed Hamline (W to E) midblock south of Concordia and was struck by a vehicle.,No,None,19,Male,Centerville,55038,,,,,26,Male,St. Paul,55104,Yes,Suspected Minor Injury,Yes,,,,"(44.95132, -93.156809)",1
Bike,Yes,11/30/2016 06:25:00 PM,16-245833,Western District,1247 St. Anthony Ave,Private,No,10,Private Parking Lot,"Bike was riding through parking lot, cutting between cars into a through lane when struck by a slow moving car.",No,None,,,,,56,Male,Sandstone,55072,20,Male,St. Paul,55104,,,,Yes,Suspected Minor Injury,No,"(44.952577, -93.152618)",1
Pedestrian,Yes,11/30/2016 09:00:00 PM,16-052501,Transit,University Ave W & Pascal St N,4,No,30,County - State Aid Highway,"Vehicle was EB University E of Pascal, lost control of vehicle and struck bus shelter and pedestrian who was inside.  Vehicle fled the scene.",No,None,6,Male,St. Paul,55104,,,,,18,Male,St. Paul,55116,Yes,Suspected Minor Injury,Yes,,,,"(44.95551997, -93.16110335)",1
Pedestrian,Yes,12/01/2016 03:00:00 PM,16-246398,Eastern District,Arcade St & Ivy St,4,Yes,30,State - Trunk Highway,15 y/o female running away from school security was struck by vehicle.  Non-life threatening injury.,Yes,Pedestrian,15,Female,St. Paul,55106,,,,,20,Female,Hopkins,55343,Yes,Suspected Minor Injury,Yes,,,,"(44.981131, -93.065993)",1
Pedestrian,Yes,12/04/2016 04:11:00 PM,16-248749,Central District,Cottage Ave W & Schletti St,2,No,30,City Street,Vehicle intentionally struck a pedestrian in alley behind address.  Suspect was arrested for aggravated assault.,Yes,Driver,65,Male,Hopkins,55343,,,,,50,Male,Minneapolis,55409,Yes,Possible Injury,Yes,,,,"(44.98265523, -93.1218395)",1
Bike,No,12/05/2016 09:47:00 AM,16-249186,Western District,Pascal St N & Englewood Ave,2,No,30,City Street,"no report.  Comments state: happened just east of pascal on Englewood. Veh#2 was EB, when bike#1 biked into the passenger side of veh#2. Biker#1 was ""Heather"", Unknown last name, Hamline University student.. veh had a broken passenger side mirror. Driver said the bicyclist apologized several times, telling her ""it was my fault"". Driver said after the bicyclist left, she realized they had not exchanged any information.",No,None,,,,,,Female,St. Paul,55104,39,Female,St. Paul,55104,,,,No,None,No,"(44.964076, -93.162197)",1
Pedestrian,Yes,12/05/2016 04:23:00 PM,16-249502,Western District,Pascal St N & Roblyn,2,No,30,Municipal Aid Street,Vehicle backed out of alley and into pedestrian who was on Pascal getting into a vehicle.  The driver was cited for failure to drive with due care.,Yes,Driver,58,Male,St. Paul,55108,,,,,26,Female,Minneapolis,55417,Yes,Suspected Minor Injury,Yes,,,,"(44.950891, -93.161899)",1