Crash Type,Report Made?,Date / Time,Case Number,District,Crash Location,Lanes Of Traffic,Signal Present?,Speed Limit Of Road (MPH),Road Type,Synopsis,Ticket/Arrest?,Citation To,Pedestrian Age,Pedestrian Gender,Pedestrian City Of Residence,Pedestrian Zip Code,Biker Age,Biker Gender,Biker City of Residence,Biker Zip Code,Driver Age,Driver Gender,Driver City Of Residence,Driver Zip Code,Injury to Pedestrian?,Level of Injury to Pedestrian,Pedestrian to Hospital?,Injury to Biker?,Level of Injury to Biker,Biker to Hospital?,Crash Lat/Long Location,Count
Bike,Yes,12/05/2016 05:18:00 PM,16-249553,Central District,Como Ave & Rice St,4,Yes,30,County - State Aid Highway,"Bike was NB on Rice (W crosswalk), vehicle was NB Rice, making left turn to WB Como, struck biker who was legally in crosswalk with signal.",No,None,,,,,44,Male,St. Paul,55117,48,Male,St. Paul,55113,,,,Yes,Suspected Minor Injury,No,"(44.95895, -93.105954)",1
Pedestrian,No,04/22/2017 01:17:00 PM,17-088348,Western District,Dale St N & Thomas Ave,4,Yes,30,County - State Aid Highway,waiting on report,No,None,,Unknown,Unknown,Unknown,,,,,,Unknown,Unknown,Unknown,Unknown,Unknown,Unknown,,,,"(44.959336, -93.126371)",1
Pedestrian,Yes,12/06/2016 04:04:00 PM,16-250235,Eastern District,Arcade St & Ivy St,4,Yes,30,State - Trunk Highway,Vehicle was WB Ivy at approximately 20.  9 y/o ran out into street.,No,None,9,Male,St. Paul,55106,,,,,47,Female,Mahtomedi,55115,Yes,Suspected Minor Injury,No,,,,"(44.981131, -93.065993)",1
Pedestrian,Yes,12/06/2016 07:20:00 PM,16-250387,Central District,7th St W & Chestnut St,4,Yes,30,State - Trunk Highway,Pedestrian stepped out from between parked cars and walked into street where he was struck by vehicle.,No,None,56,Male,Bronx (NY),10451,,,,,37,Female,St. Paul,55104,Yes,Suspected Minor Injury,Yes,,,,"(44.943409, -93.104089)",1
Bike,Yes,12/07/2016 04:54:00 PM,16-251173,Central District,Western Ave N & Topping,2,No,30,Municipal Aid Street,Vehicle parked facing SB on Western.  Biker was riding SB Western.  Driver opened driver's door and struck biker with door causing bike to crash.,No,None,,,,,18,Male,St. Paul,55117,35,Male,South St. Paul,55075,,,,Yes,Suspected Minor Injury,Yes,"(44.96747694, -93.11626472)",1
Pedestrian,Yes,12/07/2016 09:28:00 PM,16-251249,Central District,Aurora Ave & Western Ave,2,No,30,City Street,"Vehicle was SB on Western near Aurora.  Pedestrian ran across road (illegally) and was struck by vehicle.  Pedestrian told driver that he was fine and ran away without giving any info.  Info report made by officers.  ** note: 16-257841, officers called on 12/17 by pedestrian and wrote report under this cn.",No,None,20,Male,St. Paul,55104,,,,,62,Female,St. Paul,55103,Yes,Suspected Minor Injury,No,,,,"(44.954886, -93.116117)",1
Pedestrian,Yes,12/08/2016 08:38:00 PM,16-251926,Central District,7th Street W & I35E Freeway Ramp,3,Yes,30,State - Trunk Highway,The driver of Unit #1 was waiting to turn east onto 7th St from northbound 35E. While waiting for passing traffic he saw an opening and attempted to turn east onto 7th St. At the same time a pedestrian walked out into  the crosswalk and collided with Unit #1's vehicle as it was about to turn. No serious injury to the pedestrian. No damage to the vehicle.,No,None,57,Male,St. Paul,55102,,,,,44,Male,West St. Paul,55118,Yes,Possible Injury,Yes,,,,"(44.91640491, -93.14338413)",1
Pedestrian,Yes,12/09/2016 07:12:00 AM,16-252142,Eastern District,3rd St E & Whitebear Ave,5,Yes,30,County - State Aid Highway,Pedestrian crossed White bear Ave against red signal in order to catch a bus.  Driver struck pedestrian while driving NB White Bear.,No,None,15,Female,St. Paul,55106,,,,,31,Female,St. Paul,55119,No,None,No,,,,"(44.95691324, -93.02532306)",1
Pedestrian,Yes,12/09/2016 03:41:00 PM,16-252416,Western District,University Ave W & Western Ave N,4,Yes,30,County - State Aid Highway,Vehicle was SB Western north of University with a green light.  Pedestrian ran out into street and was struck by vehicle.  Pedestrian cited.,Yes,Pedestrian,55,Male,St. Paul,55103,,,,,68,Female,St. Paul,55104,Yes,Suspected Minor Injury,Yes,,,,"(44.955701, -93.11613)",1
Pedestrian,Yes,12/09/2016 06:08:00 PM,16-252561,Eastern District,Pedersen St & Old Hudson Rd,Private,No,10,Private Parking Lot,Driver of V#1 was pulling into parking lot at Sun Ray. Pedestrian wearing dark clothing was walking to the bus stop. Driver could not see pedestrian and struck pedestrian. No damage to vehicle and minor leg injury to pedestrian. Pedestrian transported to Regions. No citations issued due to Unknown injuries at the time of the crash.,No,None,25,Male,St. Paul,55106,,,,,16,Female,St. Paul,55119,Yes,Possible Injury,Yes,,,,"(44.95244408, -93.01257499)",1
Pedestrian,Yes,12/12/2016 04:46:00 PM,16-254410,Western District,University Ave W & Lexington Pkwy,5,Yes,30,County - State Aid Highway,"Vehicle was EB University in the right lane, with a green light as it passed Lexington.  2 Pedestrians darted out into traffic against the signal, 1 was struck by vehicle.  Medics evaluated pedestrian on scene, no transport, minor injury.  No citations issued.",No,None,16,Female,St. Paul,55104,,,,,50,Female,St. Paul,55116,Yes,Possible Injury,No,,,,"(44.955656, -93.14655)",1
Pedestrian,Yes,12/13/2016 09:04:00 AM,16-254825,Eastern District,Flandrau St & Stillwater Ave E,2,No,30,City Street,"On 12/13/2016 at approximately 0905 hours, Vehicle #1 (WB Stillwater just West of Flandreau) attempted to stop when a child ran in between two parked cars then ran across the street in front of Vehicle #1. Vehicle #1 applied the brake and the bus slid due to road conditions. The child fell in between the two front bus tires and his right pant leg was underneath the driver side front tire. The child was able to get up and walk normally after the incident. Unable to locate the child.",No,None,6,Unknown,Unknown,Unknown,,,,,59,Female,South St. Paul,55075,No,None,No,,,,"(44.94749722, -93.09615693)",1
Pedestrian,Yes,12/13/2016 12:23:00 PM,16-254951,Central District,7th Place & Wabasha St N,2,Yes,30,Municipal Aid Street,Pedestrian hit by vehicle backing across crosswalk.  Laceration to head.  Suspect Black Male wearing MN Twins clothing driving gray Audi or Chrysler.  Video requested from area businesses.  Report Written.,No,None,25,Male,Little Canada,55113,,,,,,Male,Unknown,Unknown,Yes,Suspected Minor Injury,Yes,,,,"(44.968003, -93.02777048)",1
Pedestrian,Yes,12/20/2016 05:16:00 PM,16-259930,Western District,Blair Ave & St. Albans,2,No,30,City Street,"School bus dropped off a 12-year-old boy near here without deploying its stop arm.  The boy crossed the street in front of the bus without looking and was side-swiped by a car causing an ankle injury for which he was transported to the hospital.  The injury appeared minor.  Photographs taken, medical release signed.",No,None,12,Male,St. Paul,55104,,,,,32,Female,St. Paul,55104,Yes,Possible Injury,Yes,,,,"(44.961152, -93.128915)",1
Bike,Yes,07/15/2017 09:30:00 PM,17-164572,Central District,Park St & Iowa,2,No,30,City,Bike was SB Park near Iowa when struck by unknown vehicle that fled after crash.  No suspect information.,No,None,,,,,14,Female,St. Paul,55117,,Unknown,Unknown,Unknown,,,,Yes,Suspected Minor Injury,Yes,"(44.98909435, -93.10365454)",1
Pedestrian,Yes,12/21/2016 04:32:00 PM,16-260496,Eastern District,White Bear Ave N & Maryland Ave E,4,Yes,30,County - State Aid Highway,"Vehicle was SB on White Bear, making right turn onto WB Maryland with green light.  Pedestrian was walking SB in W crosswalk.  Vehicle failed to yield right of way.  Driver was cited.",Yes,Driver,57,Male,St. Paul,55106,,,,,23,Male,St. Paul,55106,No,None,No,,,,"(44.977511, -93.025303)",1
Pedestrian,Yes,12/22/2016 10:45:00 AM,16-261096,Eastern District,7th St E & Arcade St,4,Yes,30,State - Trunk Highway,Vehicle was SB on Arcade making right turn to EB 7th Street.  Pedestrian was just east of crosswalk crossing 7th Street and was struck.  Driver was cited for driving without a license and failure to drive with due care.,Yes,Driver,43,Female,St. Paul,55106,,,,,31,Female,St. Paul,55106,Yes,Suspected Minor Injury,Yes,,,,"(44.96193523, -93.06596185)",1
Pedestrian,Yes,12/22/2016 06:18:00 PM,16-261356,Western District,Lafond Ave & Milton St,2,No,30,City Street,"Pedestrian and witness were walking in the roadway eastbound on Lafond Ave. A vehicle was traveling westbound on the same street and lost control, striking the pedestrian. The vehicle fled the scene.",No,None,15,Female,St. Paul,55104,,,,,,Unknown,Unknown,Unknown,Yes,Suspected Minor Injury,Yes,,,,"(44.96017757, -93.13967019)",1
Bike,Yes,12/23/2016 04:56:00 PM,16-262059,Central District,Robert St N & Fillmore St,5,No,30,State - Trunk Highway,Biker was NB on Robert going over bridge from Fillmore to Kellogg St in right lane.  Vehicle was NB Robert and struck biker from behind while looking away to adjust her heater.,No,None,,,,,29,Male,Minneapolis,55409,23,Female,St. Paul,55119,,,,Yes,Suspected Minor Injury,Yes,"(44.94387315, -93.08758955)",1
Pedestrian,Yes,12/27/2016 05:56:00 AM,16-263944,Western District,Marshall Ave & Victoria St,2,No,30,Municipal Aid Street,"Vehicle NB Victoria, made left onto WB Marshall.  Pedestrian was outside of a parked vehicle just west of intersection with door open.  Vehicle1 struck pedestrian and also open car door, then fled the scene.  Police located driver.",Yes,Driver,23,Male,St. Paul,55104,,,,,37,Male,St. Paul,55104,Yes,Suspected Minor Injury,Yes,,,,"(44.948723, -93.137098)",1
Pedestrian,Yes,12/30/2016 03:20:00 PM,16-266365,Western District,7 St W & Maynard,4,Yes,30,State - Trunk Highway,Pedestrian was crossing 7th Street at Maynard.  Vehicle leaving mall parking lot making a right turn struck the pedestrian who was in the crosswalk with right of way.  Driver stated she looked left but not right and did not see the pedestrian.,No,None,41,Male,St. Paul,55116,,,,,65,male,Apple Valley,55124,Yes,Suspected Minor Injury,Yes,,,,"(44.902592, -93.168678)",1
Pedestrian,Yes,12/30/2016 09:45:00 PM,16-266642,Western District,Selby Ave & St. Albans,2,No,30,Municipal Aid Street,"A Police Officer was walking in the street with a person he was arresting for a robbery.  While searching the subject prior to placing him in the squad, a vehicle driving EB on Selby struck the officer and arrestee, breaking the mirror on the vehicle.  The driver admitted seeing the officer and the person who was being arrested, stating that person looked familiar.  The driver said she did not intentionally strike the officer and did not realize she hit him until she was stopped by police.  The driver was extremely intoxicated, pbt was .245 BAC.  A search warrant was written for a blood draw and a sample was obtained.  The driver was booked for DWI and CVO.",Yes,Driver,36,Male,St. Paul,55104,,,,,22,Female,Woodbury,55125,Yes,Suspected Minor Injury,Yes,,,,"(44.946579, -93.128823)",1
Ped2,,12/30/2016 09:45:02 PM,16-266642,Western District,Selby Ave & St. Alband,,,,,2nd Pedestrian from above,,,19,Male,St. Paul,55104,,,,,,,,,,,,,,,"(44.946579, -93.128823)",1
Pedestrian,No,12/31/2016 12:51:00 PM,16-267055,Central District,Cesar Chavez St & State Street,3,Yes,30,Municipal Aid Street,No report made.  Only comments were that a ped was struck.  Officers noted no injuries and that the pedestrian was demanding $50.00 for being struck.,No,None,,Unknown,Unknown,Unknown,,,,,,Unknown,Unknown,Unknown,No,None,No,,,,"(44.92975035, -93.07788957)",1
Pedestrian,No,01/02/2017 07:06:00 PM,17-001113,Eastern District,White Bear Ave N & Minnehaha Ave E,4,Yes,30,County - State Aid Highway,"Unknown - no report.  Comments state the pedestrian was grazed by vehicle, no injuries.",No,None,,Female,St. Paul,55106,,,,,,Unknown,Unknown,Unknown,No,None,No,,,,"(44.963083, -93.025319)",1
Pedestrian,Yes,01/04/2017 10:32:00 PM,17-002785,Western District,Dale St N & St. Anthony Ave,5,Yes,30,County - State Aid Highway,"Vehicle was NB Dale, making left turn on green light to St Anthony.  Ped was SB in W crosswalk with walk signal.  Vehicle struck ped.  Driver cited for failure to yield right of way.",Yes,Driver,36,Female,St. Paul,55102,,,,,32,Male,Roseville,55113,No,None,No,,,,"(44.952123, -93.12633)",1
Pedestrian,Yes,01/05/2017 05:47:00 PM,17-003366,Western District,Virginia St & Selby Ave,2,No,30,Munincipal State Aid,Pedestrian was in a wheelchair crossing Virginia in the South crosswalk of Selby Ave.  Vehicle struck the pedestrian and fled the scene.  No suspect information.,No,None,48,Male,St. Paul,55102,,,,,,Unknown,Unknown,Unknown,No,None,No,,,,"(44.94658793, -93.11496148)",1
Pedestrian,Yes,01/09/2017 07:04:00 AM,17-005654,Central District,Rice St & Arlington Ave W,4,Yes,30,County - State Aid Highway,"Pedestrian was walking WB in the N crosswalk.  Vehicle was EB, making a left turn to NB Rice and struck pedestrian.  Driver said he was blinded by another vehicle's high beams and unable to see the pedestrian.  Driver cited for Fail to Yield to pedestrian in crosswalk.  ** Note: Victim was walking her younger sister to school (SRTS).",Yes,Driver,18,Female,St. Paul,55117,,,,,20,Male,New Brighton,55112,Yes,Possible Injury,Yes,,,,"(44.984586, -93.105864)",1
Pedestrian,No,01/11/2017 02:43:00 PM,17-007381,Western District,Griggs St N & University Ave W,4,Yes,30,County - State Aid Highway,Pedestrian began crossing before having a walk signal.  Vehicle slid through yellow/red light and brushed the pedestrian who was 1/4 way across the street.  Pedestrian did not want police report.  No report was made.,No,None,,Female,Unknown,Unknown,,,,,,Unknown,Unknown,Unknown,No,None,No,,,,"(44.955649, -93.151723)",1
Pedestrian,Yes,01/13/2017 09:14:00 AM,17-008676,Eastern District,Case Ave & Germain Ct,2,No,30,Munincipal State Aid,"Driver of striking vehicle was traveling westbound on Case Ave passing Germain Ct. when a child ran out in the roadway in front of her vehicle. The child crossed without looking and gave the driver of the vehicle no time to react. In addition to not having enough time to react, the road was icy and snowy. Driver was not cited and pedestrian was transported to the hospital with non-life threatening injuries to his leg. Driver was released at the scene.",No,None,7,Male,St. Paul,55106,,,,,41,Female,St. Paul,55106,Yes,Suspected Minor Injury,Yes,,,,"(44.97035046, -93.03369369)",1
Pedestrian,Yes,01/14/2017 12:54:00 PM,17-009537,Western District,Victoria St S & Grand Ave,3,Yes,30,Munincipal State Aid,"Pedestrian was crossing SB in W crosswalk at Grand & Victoria, with walk sign and green light. Vehicle SB Victoria making right turn onto WB Grand . Driver stated she ""looked down for just a second"" and did not see the pedestrian when turning.  Ped transported to Regions by ambulance.",Yes,Driver,58,Female,Eagan,55123,,,,,22,Female,Duluth,55807,Yes,Possible Injury,Yes,,,,"(44.939959, -93.13642)",1
Pedestrian,Yes,01/16/2017 07:18:00 PM,17-010986,Western District,Larpenteur Ave E & Dale St N,5,No,30,County - State Aid Highway,Pedestrian was walking on the shoulder in the southern most lane of EB Larpenteur just W of Dale Street (no sidewalk available).  Vehicle struck pedestrian.  Hit & Run.  Witness states that striking vehicle had been weaving.,No,None,39,Male,St. Paul,55116,,,,,,Unknown,Unknown,Unknown,Yes,Suspected Serious Injury,Yes,,,,"(44.991794, -93.126099)",1
Pedestrian,Yes,01/17/2017 07:45:00 AM,17-011259,Central District,George St W & Ohio St S,2,No,30,Munincipal State Aid,Vehicle was EB George at Ohio.  Vehicle stopped for stop sign and then started driving EB through the intersection.  A 10 y/o boy darted into the street SB and was struck by the vehicle.  Minor injuries.  Note: boy was on his way to school (Safe Routes to School SRTS).,No,None,10,Male,St. Paul,55107,,,,,47,Female,St. Paul,55107,Yes,Possible Injury,Yes,,,,"(44.929573, -93.09775)",1
Pedestrian,Yes,01/17/2017 04:39:00 PM,17-011680,Western District,University Ave W & Pascal St N,Private,No,10,Private,Driver struck pedestrian in the parking lot of Cub Foods (1440 W University).  No injuries.,No,None,53,Female,St. Paul,55117,,,,,80,Male,St. Paul,55104,Yes,None,No,,,,"(44.95546582, -93.16198804)",1
Pedestrian,Yes,01/18/2017 06:54:00 AM,17-012083,Central District,Smith Ave N & Chestnut Street,3,Yes,30,Munincipal State Aid,"Vehicle was driving SB on Chestnut, making a left turn onto Smith.  Pedestrian was crossing Smith NB on Chestnut in the E crosswalk.  Light was green, with flashing red don't walk sign.  Driver stated he did not see the pedestrian in the crosswalk.  Pedestrian transported to hospital by ambulance.",No,None,50,Female,St. Paul,55104,,,,,77,Male,St. Paul,55106,Yes,Suspected Minor Injury,Yes,,,,"(44.9442537, -93.10516384)",1
Pedestrian,Yes,01/19/2017 04:49:00 PM,17-013346,Western District,St. Clair Ave & Davern Street,2,No,30,Munincipal State Aid,"Vehicle was EB St Clair, approaching Davern.  13 y/o pedestrian darted out between parked cars and was going to run across the street, not at intersection or crosswalk.  Vehicle struck Pedestrian.  Pedestrian admitted to running out into street without looking for vehicles.  No citations issued due to age of pedestrian.",No,None,13,Male,St. Paul,55105,,,,,41,Female,St. Paul,55105,Yes,Suspected Minor Injury,Yes,,,,"(44.93424495, -93.1722259)",1
Pedestrian,Yes,01/19/2017 07:47:00 PM,17-013492,Western District,Selby Ave & Fisk Street,2,No,30,County - State Aid Highway,Vehicle was driving EB on Selby near Fisk/Victoria.  12 y/o Pedestrian darted across the street and was struck by vehicle.  No citations issued due to age of pedestrian.,No,None,12,Male,Minneapolis,55454,,,,,74,Male,Minneapolis,55413,Yes,Suspected Minor Injury,Yes,,,,"(44.94662454, -93.13584963)",1
Pedestrian,Yes,01/20/2017 07:34:00 AM,17-013737,Western District,Selby Ave & Western St N,2,No,30,County - State Aid Highway,"Vehicle was EB Selby at Western.  Pedestrian was crossing SB in West crosswalk.  Driver stated she was coming to a stop at the stop sign right as the pedestrian was at her vehicle, and ran over the pedestrians foot.  Driver stated she did not see the pedestrian because it was dark and the pedestrian was wearing dark clothing.",No,None,37,Female,St. Paul,55101,,,,,26,Female,Maple Grove,55311,Yes,Possible Injury,Yes,,,,"(44.94660811, -93.11620246)",1
Pedestrian,Yes,01/24/2017 04:44:00 PM,17-017115,Central District,Rice St & Arlington Ave W,4,Yes,30,County - State Aid Highway,"Pedestrian was crossing EB Arlington across Rice Street in S crosswalk, with walk signal and green light.  School bus was WB Arlington making g a left turn to SB Rice Street and struck pedestrian.  Driver state she did not see the pedestrian.  Driver was cited for failure to yield to pedestrian.  Several students were on the bus as the time of the crash.",Yes,Driver,37,Female,St. Paul,55117,,,,,51,Female,Woodbury,55129,Yes,Suspected Minor Injury,Yes,,,,"(44.984586, -93.105864)",1
Pedestrian,Yes,01/25/2017 04:44:00 PM,17-017891,Central District,5th Street E & Robert St N,5,Yes,30,Munincipal State Aid,"Driver was going eastbound on 5th St. driver turned right onto Robert St from 5th ST and struck the pedestrian. pedestrian
had swelling to their foot and leg. no damage to pickup. driver stated he did not know if he had struck pedestrian. Driver
stated he came back to the scene because people in the crosswalk were yelling at him.",Yes,Driver,18,Female,St. Paul,55117,,,,,47,Male,"Somerset, WI",54025,Yes,Possible Injury,No,,,,"(44.94739165, -93.09084152)",1
Pedestrian,Yes,01/30/2017 07:00:00 AM,17-021099,Western District,Lexington Pkwy & Marshall Ave,5,Yes,30,County - State Aid Highway,Vehicle was EB Marshall and made a left turn to NB Lexington.  Pedestrian was walking WB in the N X-walk.  The vehicle turned left and struck the pedestrian and then fled the scene without stopping.  The pedestrian had a knee injury and was transported to the hospital.  The investigation is on-going. (SRTS),No,None,17,Male,St. Paul,55104,,,,,,Unknown,Unknown,Unknown,Yes,Possible Injury,Yes,,,,"(44.94847626, -93.1464862)",1
Pedestrian,Yes,02/01/2017 06:44:00 AM,17-022525,Western District,Grand Ave & Lexington Pkwy,4,Yes,30,County - State Aid Highway,"Vehicle was SB Lexington, making a left turn onto EB Grand.  Pedestrian was crossing legally in marked x-walk on E side of intersection.  Vehicle struck pedestrian.  Driver cited for failure to yield to pedestrian in the crosswalk.  Minor injury to pedestrian, not transported. (SRTS)",Yes,Driver,17,Male,St. Paul,55105,,,,,41,Female,Inver Grove Heights,55076,Yes,Suspected Minor Injury,No,,,,"(44.9528806, -93.01267236)",1
Pedestrian,Yes,02/02/2017 12:09:00 PM,17-023506,Eastern District,2109 Old Hudson Road,0,No,10,Private,Private Security vehicle struck a pedestrian in the parking lot of Sunray near the transit hub.  Driver stated she did not know where the pedestrian came from or how the crash happened.,Yes,Driver,59,Male,St. Paul,55106,,,,,71,Female,Richfield,55423,Yes,Possible Injury,No,,,,"(44.94005423, -93.14656539)",1
Pedestrian,Yes,02/03/2017 07:04:00 AM,17-024136,Eastern District,Hawthorne Ave E & Ivy,2,No,30,City,"Driver of vehicle #1 was traveling westbound on Ivy Ave approaching Hawthorne Ave. The driver said she made a left turn onto Hawthorne Ave. She said as she made the turn she became aware of a pedestrian crossing the street on the driver side of her vehicle. She said she tried to hit the brake pedal and accidentally bumped the accelerator. Driver #1 said her
driver side mirror made contact with the pedestrian as she passed him. Driver #1 stopped to check on the pedestrian and then called police. The driver estimated she was going about 5mph at the time of the contact. There was no damage to the vehicle.  Minor injury to pedestrian. (SRTS)",No,None,16,Male,St. Paul,55119,,,,,57,Female,St. Paul,55119,No,None,No,,,,"(44.981141, -93.007001)",1
Pedestrian,Yes,02/03/2017 01:55:00 PM,17-024376,Central District,Dale St N & Maryland Ave W,4,Yes,30,County - State Aid Highway,Pedestrian exited Metro Transit bus and darted across Dale St against the signal.   Vehicle was traveling northbound on Dale St. approaching Maryland Ave.  Pedestrian ran into the side of vehicle.  Pedestrian suffered a head injury from the fall to the ground. Pedestrian was transported to hospital.,No,None,49,Male,St. Paul,55104,,,,,24,Female,St. Paul,55117,Yes,Suspected Serious Injury,Yes,,,,"(44.97747471, -93.12628629)",1
Pedestrian,Yes,02/03/2017 02:35:00 PM,17-024402,Eastern District,Lower Afton Rd & McKnight St,4,Yes,30,County - State Aid Highway,"Vehicle was e/b on Lower Afton Rd at McKnight. Pedestrian walking in cross walk from s/w corner of intersection to n/w corner. Vehicle hit pedestrian in the cross walk 1-3 feet from intersection Driver of Vehicle admitted to officers of not seeing the traffic control device in front of her. A witness at the scene said the driver did not look south towards the cross walk before turning and hitting pedestrian. Pedestrian said she had walk sign and driver ran into her. Pedestrian complained of leg pain and transported to United Hospital (MEDIC 4, Run# 431)",Yes,Driver,20,Female,St. Paul,55119,,,,,42,Female,Anoka,55303,Yes,Possible Injury,Yes,,,,"(44.93302436, -93.00505802)",1
Pedestrian,Yes,02/04/2017 12:44:00 PM,17-025118,Western District,Highland Pkwy & Snelling Ave S,4,Yes,30,County - State Aid Highway,"Vehicle was WB Highland Pkwy, making left turn onto SB Snelling.  Pedestrian was crossing legally in the crosswalk when struck by the vehicle.  Driver stated he did not see the pedestrian.  Driver cited for failure to yield to pedestrian in the crosswalk.  Pedestrian was evaluated by medics, but not transported.",Yes,Driver,15,Female,St. Paul,55116,,,,,43,Male,St. Paul,55101,Yes,Possible Injury,No,,,,"(44.94160712, -93.10384439)",1
Pedestrian,Yes,02/04/2017 10:38:00 PM,17-025539,Central District,Exchange St S & Walnut St,3,No,30,Munincipal State Aid,"Pedestrian was crossing the street, not in the crosswalk.  Driver struck pedestrian.  Pedestrian told the officers she did not know how the crash happened.  This was during the red bull crashed ice event.",No,None,22,Female,Richfield,55423,,,,,51,Male,St. Paul,55104,Yes,Suspected Minor Injury,Yes,,,,"(44.91975582, -93.16732818)",1
Pedestrian,Yes,02/05/2017 07:24:00 PM,17-033856,Western District,Dale St N & Aurora Ave,4,No,30,County - State Aid Highway,Pedestrian crossing Dale on north side of Aurora/.  Vehicle stopped in left lane and waived at pedestrian (motioning to cross). Pedestrian crossed. Vehicle began to drive and struck pedestrian then fled scene.,No,None,15,Female,Edina,55410,,,,,28,Male,St. Paul,55117,Yes,Possible Injury,No,,,,"(44.950336, -93.12632)",1
Pedestrian,Yes,02/13/2017 09:49:00 AM,17-031779,Central District,Kellogg Bd E & Minnesota St,6,No,30,Munincipal State Aid,Upon arrival we met with the pedestrian who said he was standing behind his vehicle that was legally parked on the south side of Kellogg Blvd just East of Minnesota Street. He said he was fixing an antenna on his car when he said he got hit by Unit 1. The pedestrian said the driver of unit 1 parked their vehicle and left the scene. The driver of Unit 1 came back to the scene on foot to get unit 1 then left.,No,None,64,Male,St. Paul,55130,,,,,,Unknown,Unknown,Unknown,Yes,Possible Injury,No,,,,"(44.94513772, -93.09019803)",1
Pedestrian,No,02/13/2017 06:00:00 PM,17-032118,Western District,Dale St N & Carroll,4,No,30,County - State Aid Highway,Unknown - no report.  Comments state that the pedestrian refused to speak with police.,No,None,,Male,St. Paul,55104,,,,,,Unknown,Unknown,Unknown,No,None,No,,,,"(44.96843451, -93.07349495)",1