Crash Type,Report Made?,Date / Time,Case Number,District,Crash Location,Lanes Of Traffic,Signal Present?,Speed Limit Of Road (MPH),Road Type,Synopsis,Ticket/Arrest?,Citation To,Pedestrian Age,Pedestrian Gender,Pedestrian City Of Residence,Pedestrian Zip Code,Biker Age,Biker Gender,Biker City of Residence,Biker Zip Code,Driver Age,Driver Gender,Driver City Of Residence,Driver Zip Code,Injury to Pedestrian?,Level of Injury to Pedestrian,Pedestrian to Hospital?,Injury to Biker?,Level of Injury to Biker,Biker to Hospital?,Crash Lat/Long Location,Count
Pedestrian,Yes,02/14/2017 10:07:00 AM,17-032567,Eastern District,Payne Ave & York,2,No,30,Munincipal State Aid,"Vehicle was SB on Payne, making a left turn onto EB York.  Pedestrian was crossing York in E unmarked crosswalk.  Vehicle struck pedestrian. Minor injury to pedestrian.  Driver cited for failure to yield to pedestrian.",Yes,Driver,58,Female,St. Paul,55106,,,,,55,Male,Brooklyn Park,55443,Yes,Possible Injury,No,,,,"(44.954883, -93.12634939)",1
Pedestrian,Yes,02/17/2017 02:57:00 PM,17-035232,Central District,Robert St S & Isabel St E,2,No,30,State - Trunk Highway,"Vehicle was WB Isabel, making left turn onto SB Robert.  Pedestrian was crossing Robert when struck by vehicle.  Vehicle fled scene.  Minor injuries to pedestrian.",No,None,18,Female,St. Paul,55107,,,,,,Unknown,Unknown,Unknown,Yes,Suspected Minor Injury,No,,,,"(44.93309764, -93.08083647)",1
Pedestrian,Yes,02/22/2017 04:39:00 PM,17-039156,Western District,Mississippi River Blvd & Dayton,2,No,25,Munincipal State Aid,Vehicle was SB Mississippi River Blvd.  Pedestrian was crossing in a marked crosswalk near Dayton St.  Vehicle failed to yield for pedestrian and struck the pedestrian.   Officers believed the driver was impaired and obtained search warrant for blood.  Driver arrested for CVO.  Pedestrian did not survive.,Yes,Driver,35,Male,Woodbury,55125,,,,,60,Male,St. Paul,55105,Yes,FATAL,Yes,,,,"(44.94622275, -93.19899313)",1
Pedestrian,Yes,02/24/2017 07:53:00 PM,17-040887,Eastern District,Earl St & Hudson,2,No,30,Munincipal State Aid,Vehicle was WB Hudson at Earl.  Intoxicated pedestrian was walking in the middle of the street.  Vehicle struck pedestrian.,No,None,68,Male,St. Paul,55106,,,,,33,Male,St. Paul,55106,Yes,Possible Injury,Yes,,,,"(44.95225318, -93.05579081)",1
Pedestrian,Yes,02/25/2017 04:53:00 PM,17-041533,Eastern District,Minnehaha Ave E & Clarence St,2,No,30,State - Trunk Highway,Vehicle was EB Minnehaha.  Pedestrian was crossing SB in E x-walk of Clarence.  Driver stated she did not see the pedestrian.  Driver cited for failure to yield to pedestrian.  Pedestrian transported to hospital.,Yes,Driver,8,Male,St. Paul,55106,,,,,28,Male,St. Paul,55105,Yes,Suspected Minor Injury,Yes,,,,"(44.96321158, -93.04373733)",1
Pedestrian,Yes,03/02/2017 10:01:00 AM,17-045347,Central District,St. Peter Street & Exchange,2,Yes,30,Municipal State Aid,"Vehicle was SB on St. Peter, making a left turn onto EB Exchange.  Pedestrian was SB in E x-walk at Exchange, crossing with signal.  Driver admitted not seeing the pedestrian, claimed the sun was blocking vision.  Driver cited for failure to yield to pedestrian.  Pedestrian transported to hospital with non-life threatening injuries.",Driver,Yes,21,Male,St. Paul,55101,,,,,45,Female,St. Paul,55102,Yes,Suspected Minor Injury,Yes,,,,"(44.948474, -93.098888)",1
Pedestrian,No,03/06/2017 06:15:00 PM,17-048859,Eastern District,Maryland Ave E & Etna Street,0,No,10,Private,"Vehicle was driving through parking lot and struck pedestrian at low speed.  No injuries.  Police were called, but the pedestrian was not cooperative and began to swear at the police and the driver.  The pedestrian refused to identify herself and left the area.",No,None,,Female,Unknown,Unknown,,,,,19,Male,Unknown,Unknown,No,None,No,,,,"(44.977538, -93.041872)",1
Pedestrian,Yes,03/06/2017 09:00:00 PM,17-049033,Central District,7th St E & Wall Street,4,Yes,30,State - Trunk Highway,"Pedestrian was crossing the street at 7th Street East/Wall Street (south side of the street). A vehicle making a left turn onto 7th Street East from Wall Street hit a pedestrian on his right leg. The vehicle, a maroon Dodge Caravan (Unknown license plate), sped away after hitting the pedestrian. The victim sustained minor injuries (scratches/scrapes).",No,None,44,Male,St. Paul,55101,,,,,,Unknown,Unknown,Unknown,Yes,Suspected Minor Injury,No,,,,"(44.951457, -93.087417)",1
Pedestrian,Yes,03/12/2017 12:30:00 AM,17-012470,Metro Transit PD,11th Street E & Jackson Street,4,Yes,30,Municipal State Aid,"MTC Bus was SB on Jackson, making a left turn onto 11th Street (i35e entrance).  Pedestrian was crossing with signal and was struck by bus. Minor injuries, walked to hospital on her own.",No,None,31,Female,Watford City (ND),58854,,,,,30,Male,Minneapolis,55404,Yes,Possible Injury,Yes,,,,"(44.95294749, -93.09379983)",1
Pedestrian,No,03/13/2017 04:17:00 PM,17-054585,Western District,2550 University Ave W,2,No,30,City,Unknown - no report made.,No,None,,Male,Unknown,Unknown,,,,,,Female,Unknown,Unknown,No,None,No,,,,"(44.965856, -93.203621)",1
Pedestrian,Yes,03/14/2017 03:17:00 PM,17-055386,Western District,Como Ave & Hendon Street,2,No,30,Municipal State Aid,"Vehicle was SB Hendon to turn right onto WB Como, after stopping for stop sign.  Pedestrian was crossing EB in N crosswalk.",No,None,73,Female,St. Paul,55105,,,,,64,Male,Woodbury,55125,Yes,Possible Injury,Yes,,,,"(44.986127, -93.200381)",1
Pedestrian,Yes,03/14/2017 06:23:00 PM,17-055534,Western District,Lexington Pkwy & Summit Ave,4,Yes,30,County - State Aid Highway,"Vehicle was NB Lexington at Summit, with a green light.  Pedestrian was WB in N crosswalk and stepped into street against signal.  Transported to hospital with signifigan injuries.  Now appears non-life threatening, but crash reconstruction was completed.",No,None,29,Male,St. Paul,55102,,,,,29,Female,St. Paul,55117,Yes,Suspected Serious Injury,Yes,,,,"(44.94138323, -93.14659225)",1
Pedestrian,Yes,03/14/2017 06:49:00 PM,17-055556,Eastern District,Prosperity & Rose Ave,3,No,30,City,"Vehicle was travelling WB on Rose.  Driver states his vision was obscured by the sun and did not see the pedestrian.  Pedestrian was crossing Rose, undetermined if in an unmarked crosswalk or not.",No,None,23,Male,St. Paul,55119,,,,,45,Male,St. Paul,55119,Yes,Suspected Minor Injury,Yes,,,,"(44.97650537, -93.04263428)",1
Pedestrian,Yes,03/15/2017 08:07:00 AM,17-055915,Western District,Dale St N & Maryland Ave W,4,Yes,30,County - State Aid Highway,"Vehicle was EB on Maryland, making a right turn onto SB Dale.  Pedestrian was crossing in S crosswalk and was struck by turning vehicle.  Driver states the sun prevented him from seeing the pedestrian.",Yes,Driver,44,Female,St. Paul,55117,,,,,27,Male,St. Paul,55117,Yes,Possible Injury,Yes,,,,"(44.97746034, -93.12628777)",1
Pedestrian,No,03/15/2017 04:10:00 PM,17-056265,Western District,University Ave W & Simpson Street,0,No,10,Private,Vehicle backed into a pedestrian who was walking through the parking lot.  No report was made.,No,None,47,Male,St. Paul,55102,,,,,51,Female,Minnetonka,55305,Yes,Suspected Minor Injury,No,,,,"(44.955354, -93.165408)",1
Pedestrian,Yes,03/17/2017 04:45:00 PM,17-057846,Central District,7th St W & Chestnut St,4,Yes,30,State - Trunk Highway,Pedestrian walked into traffic against the red signal and struck vehicle causing damage.  No injuries.,Yes,Pedestrian,38,Male,St. Paul,55102,,,,,27,Male,St. Paul,55102,No,None,No,,,,"(44.94131, -93.106761)",1
Bike,Yes,03/23/2017 04:57:00 PM,17-062820,Western District,Ford Pkwy & Finn St,5,Yes,30,County - State Aid Highway,"Vehicle was exiting parking lot from south side of Finn & Ford, making ga right turn onto EB Ford Pkwy.  Biker was WB on south sidewalk with a green light and walk signal. Biker was going slow and safely, acting as a pedestrian while crossing this intersection.  Driver struck the biker, stating he did not see the bike.  Biker was injured, but not transported to hospital.  Driver was cited for failure to yield to a pedestrian",Yes,Driver,,,,,20,Male,Minneapolis,55417,56,Female,St. Paul,55105,,,,Yes,Possible Injury,No,"(44.91779718, -93.18982825)",1
Pedestrian,Yes,03/24/2017 10:54:00 AM,17-063409,Eastern District,Reaney Ave & Winthrop St,2,No,30,City,"Hit and Run Crash: Vehicle was WB in Alley (s of Reaney, n o Minnehaha) towards Winthrop.  Pedestrian was walking southbound on east sidewalk of Winthrop.  Vehicle 1 approached intersection and failed to slow or stop, striking the pedestrian, causing suspected serious injury.  Vehicle fled the scene.",No,None,22,Female,St. Paul,55119,,,,,,Unknown,Unknown,Unknown,Yes,Suspected Serious Injury,Yes,,,,"(44.96352742, -93.01016055)",1
Pedestrian,Yes,03/26/2017 12:09:00 PM,17-065076,Central District,9th St E & Temperence,2,No,30,Municipal State Aid,"Vehicle was westbound on 9th Street, turned left onto southbound Temperance.  Pedestrian darted across street (7 y/o child) and ran into side of vehicle.  Minor injuries.  No citations issued.",No,None,7,Male,Columbia Heights,55421,,,,,41,Male,St. Paul,55101,Yes,Suspected Minor Injury,Yes,,,,"(44.95156339, -93.09132439)",1
Pedestrian,Yes,03/27/2017 02:49:00 PM,17-065939,Western District,Hamline Ave N & Marshall,4,Yes,30,Municipal State Aid,"Vehicle was EB Marshall, made left turn onto NB Hamline.  Pedestrian was EB in N crosswalk.  Witnesses state that driver was at fault, but also that pedestrian was distracted by cell phone.  Driver continued to drive after striking pedestrian, going up onto sidewalk, over curb/burm and into bushes.  No citation issued at scene, waiting for investigator follow-up",No,None,21,Female,Eden Prairie,55347,,,,,28,Female,St. Paul,55116,Yes,Suspected Minor Injury,No,,,,"(44.94847918, -93.15695893)",1
Pedestrian,Yes,03/28/2017 09:57:00 PM,17-067271,Central District,7th St W & St. Joseph's Lane,4,No,30,State - Trunk Highway,"Vehicle was pulling out of Assumption Church parking lot.  Vehicle stopped prior to crossing the sidewalk and looked behind and then proceeded forward.  Pedestrian was walking on sidewalk and saw the vehicle stop.  Pedestrian proceeded, assuming the vehicle was stopping for him and would not go.  Driver drove forward and had low speed impact with pedestrian.  Possible injury to pedestrian.",No,None,54,Male,St. Paul,55102,,,,,16,Male,Deephaven,55331,Yes,Possible Injury,Yes,,,,"(44.94750811, -93.0988241)",1
Pedestrian,No,03/29/2017 07:36:00 PM,17-068105,Western District,Snelling Ave N & Concordia,5,Yes,30,State - Trunk Highway,"Several callers, one reported witnessing a vehicle strike a pedestrian.  Pedestrian was holding her elbow.  Mirror of vehicle broke off and fell to ground.  When police and medics arrived the pedestrian and driver were GOA.  Witness reported seeing the person walk to a near-by house, but police were not able to locate the pedestrian.  The driver, nor pedestrian, did not call the  police.",No,None,,Female,Unknown,Unknown,,,,,,Unknown,Unknown,Unknown,Yes,Possible Injury,No,,,,"(44.951226, -93.167224)",1
Pedestrian,Yes,03/30/2017 11:13:00 PM,17-069070,Western District,Grand Ave & Hamline Ave N,3,Yes,30,Municipal State Aid,Pedestrians had left green mill and were crossing Hamline Ave when a vehicle travelling NB on Hamline at a high rate of speed struck one of them.  Vehicle fled the scene and did not stop.  Police were unable to locate the vehicle at the time.  Investigation is on-going.  Suspected serious injuries to the pedestrian.,No,None,66,Female,Oakdale,55128,,,,,,Unknown,Unknown,Unknown,Yes,Suspected Serious Injury,Yes,,,,"(44.93964413, -93.15696221)",1
Bike,Yes,03/31/2017 08:02:00 AM,17-069288,Central District,Jackson St N & Shepard Rd,5,Yes,40,County - State Aid Highway,"Vehicle was WB on Shepard at Jackson with a green light.  Bicycle was SB Jackson with a red light.  Bicycle failed to obey the red light, entered the intersection, and was struck by the vehicle.  Witnesses confirmed the driver had the right of way.  Bicyclist had suspected minor injury and was cited for the traffic violation.",Yes,Biker,,,,,38,Male,Lino Lakes,55014,40,Male,St. Paul,55119,,,,Yes,Suspected Minor Injury,Yes,"(44.94548661, -93.08664377)",1
Bike,No,04/22/2017 05:05:00 PM,17-088506,Western District,Selby Ave & Snelling Ave N,4,Yes,30,State - Trunk Highway,"Unknown, no report.  Comments state bike was struck by vehicle and that biker did not want anything done.  Injuries were minor, to knee.",No,None,,,,,,Male,Unknown,Unknown,,Unknown,Unknown,Unknown,,,,Yes,Suspected Minor Injury,No,"(44.946562, -93.166997)",1
Pedestrian,Yes,04/01/2017 12:52:00 PM,17-070340,Western District,Wynne Ave & Lexington,Private,No,10,Parking Lot,"Pedestrian approached a vehicle that was blocking traffic to ask him to move. The driver was rude and argumentative.  The pedestrian stepped in front of the vehicle to take a photograph of the license plate.  The driver drove forward, striking the pedestrian.  The pedestrian struck the vehicle with a folding chair.  The driver fled the scene prior to police arriving.  No injuries.",No,None,49,Male,Shoreview,55126,,,,,,Unknown,Unknown,Unknown,Yes,Possible Injury,No,,,,"(44.97569, -93.15058)",1
Bike,Yes,04/01/2017 01:03:00 PM,17-070344,Central District,Farrington St & Sherburne,2,No,30,City,"Vehicle was EB Sherburne E of Farrington.  Bike was WB Sherburne on sidewalk, then entered roadway directly in front of vehicle who was unable to stop.  Possible injury to biker.  No citations.",No,None,,,,,15,Fe,St. Paul,55104,27,Male,St. Paul,55104,,,,Yes,Possible Injury,Yes,"(44.95667, -93.113432)",1
Pedestrian,Yes,04/02/2017 02:28:00 AM,17-070971,Central District,Rice St & Larpenteur,Private,No,10,Parking Lot,Vehicle backed into a pedestrian who was standing in the parking lot of a business.  Minor injuries.  Driver was cited for failure to drive with due care.,Yes,Driver,44,Male,St. Paul,55117,,,,,23,Male,Northfield,55057,Yes,Suspected Minor Injury,No,,,,"(44.98960926, -93.10586432)",1
Pedestrian,Yes,04/06/2017 08:05:00 AM,17-074376,Western District,Montreal Ave & St. Paul Ave,4,No,30,County - State Aid Highway,"Pedestrian was crossing in the marked crosswalk.  Driver ran the stop sign and struck the pedestrian.  Driver fled without stopping.  Police are investigating the hit and run.  Suspect vehicle is a white Ford Taurus,  with plate similar to 189UAY.  Driver was a middle aged white male.",No,None,33,Female,St. Paul,55105,,,,,35,Male,Unknown,Unknown,Yes,Possible Injury,No,,,,"(44.91252895, -93.18473324)",1
Pedestrian,Yes,04/08/2017 06:29:00 PM,17-076535,Central District,4th St E & Sibley St,4,Yes,30,Municipal State Aid,"Pedestrian was running away from the police on foot.  Pedestrian was intoxicated (.34 BAC).  Pedestrian tripped and fell.  Police car stopped and pinched the shoe of the pedestrian against the ground (note it did not run over the foot).  Medics called to scene and checked out the pedestrian, no injury from the vehicle.  Pedestrian was arrested and booked into the jail.",Yes,Pedestrian,25,Male,St. Paul,55106,,,,,37,Male,St. Paul,55101,No,None,No,,,,"(44.9479027, -93.08741456)",1
Pedestrian,Yes,04/09/2017 05:35:00 PM,17-077377,Western District,Hamline Ave N & Marshall,4,Yes,30,Municipal State Aid,"Vehicle was EB Marshall at red light and began to crepe forward to make a right turn.  Pedestrian had a walk signal and was crossing NB in W crosswalk.  Vehicle bumped into pedestrian, no injury.",No,None,39,Male,Milwaukee,53208,,,,,25,Male,St. Paul,55101,No,None,No,,,,"(44.94847918, -93.15695893)",1
Pedestrian,Yes,04/12/2017 07:21:00 PM,17-080214,Western District,Dayton Ave & Cretin St,4,No,30,Municipal State Aid,"Vehicle was WB Dayton, making left turn to SB Cretin.  Ped was crossing Cretin in S x-walk.  Driver said they did not see the pedestrian because they were watching for traffic.  Driver cited for failure to yield to pedestrian in a crosswalk.",Yes,Driver,21,Female,St. Paul,55105,,,,,62,Male,Edina,565439,Yes,Possible Injury,No,,,,"(44.94737911, -93.19249951)",1
Pedestrian,Yes,04/16/2017 08:12:00 AM,17-083106,Central District,1360 Western Ave N,Private,No,10,Private,Driver intentionally ran over pedestrian 2 times after an altercation. Suspect fled after crash. Victim was uncooperative and refused medical attention.  Police report written as aggravated assault with vehicle.,No,None,19,Male,St. Paul,55117,,,,,21,Male,Minneapolis,55408,Yes,Possible Injury,No,,,,"(44.98200389, -93.11605245)",1
Pedestrian,Yes,04/17/2017 04:00:00 PM,17-084045,Eastern District,White Bear Ave N & Case Ave,4,Yes,30,County - State Aid Highway,"Pedestrians were crossing eastbound in the north crosswalk of White Bear & Case.  Vehicle was EB case, turning left to NB whitebear and struck pedestrians.  Witnesses believed driver was distracted by phone.  Driver stated the sun was obstructing view.  Driver cited for failure to yield to pedestrian.",Yes,Driver,9,Female,St. Paul,55106,,,,,30,Female,St. Paul,55106,Yes,Suspected Minor Injury,Yes,,,,"(44.970293, -93.025283)",1
Ped2,,04/17/2017 04:00:01 PM,17-084045,,,,,,,ped 2 of 4,,,7,Male,St. Paul,55106,,,,,,,,,Yes,Possible Injury,Yes,,,,,1
Ped2,,04/17/2017 04:00:02 PM,17-084045,,,,,,,ped 3 of 4,,,8,Male,Oakdale,55128,,,,,,,,,Yes,Possible Injury,No,,,,,1
Ped2,,04/17/2017 04:00:03 PM,17-084045,,,,,,,ped 4 of 4,,,30,Male,St. Paul,55104,,,,,,,,,Yes,Possible Injury,No,,,,,1
Pedestrian,Yes,04/18/2017 08:40:00 PM,17-085066,Western District,Hamline Ave N & University Ave W,4,No,30,Municipal State Aid,"Vehicle was travelling NB in the right lane of Hamline S of University.  A pedestrian illegally crossed Hamline and appeared in front of her vehicle, she did not have any opportunity to stop and struck the pedestrian.  Pedestrian had minor injuries (approx. 12 mph crash), transported to hospital by medics.",No,None,26,Female,Otsego,55330,,,,,63,Female,St. Paul,55108,Yes,Suspected Minor Injury,Yes,,,,"(44.955637, -93.156821)",1
Bike,Yes,04/21/2017 01:21:00 PM,17-087379,Eastern District,4th St E & Hancock,2,No,30,City,"Bike was WB on 4th Street, down hill.  Bike had no brakes and went through stop sign.  Biker tried to stop by getting off the bike, but was unable to stop.  Car struck biker at low speed.  Biker transported to hospital with suspected serious injuries.  Biker cited for fail to obey stop sign.",Yes,Biker,,,,,23,Male,St. Paul,55106,30,Male,St. Paul,55106,,,,Yes,Suspected Serious Injury,Yes,"(44.95854232, -93.05320716)",1
Pedestrian,Yes,04/24/2017 11:54:00 AM,17-089938,Western District,Snelling Ave N & Minnehaha Ave W,4,Yes,30,State - Trunk Highway,"Vehicle was WB on Minnehaha stopped for red light.  Pedestrian was crossing in marked Xwalk SB on E side of Snelling.  Driver let foot of brake to inch forward and pushed on gas pedal, striking the pedestrian as she was crossing the street.  Pedestrian fell to ground and bumped head.  No injury to pedestrian.  Driver cited for failure to yield to a pedestrian.",Driver,Driver,64,Female,St. Paul,55104,,,,,68,Female,St. Paul,55108,No,None,No,,,,"(44.96283181, -93.16703424)",1
Bike,Yes,04/24/2017 03:20:00 PM,17-090123,Western District,Hamline Ave N & Piercebutler Rt,2,No,40,County - State Aid Highway,"Vehicle was WB on Pierce Butler at Hamline.  10 y/o biker was riding SB on sidewalk, into E crosswalk.  Biker failed to stop for vehicle and rode into the side of the car, striking the mirror/passenger side door.  Minor injuries to child.  Witness confirmed account of what happened.",Bike,None,,,,,10,Male,St. Paul,55117,63,Female,Fridley,55421,,,,Yes,Suspected Minor Injury,Yes,"(44.967872, -93.156848)",1
Bike,Yes,04/26/2017 01:16:00 PM,17-091811,Eastern District,Johnson Pkwy & Maryland Ave,4,Yes,30,County - State Aid Highway,"Vehicle turning left from WB Maryland to SB Johnson Pkwy, stopped to avoid crashing into a pedestrian who was illegally in the roadway (pan handling).  While stopped, a biker rode into the stopped vehicle's left rear quarter panel.  No injuries.",Bike,None,,,,,60,Male,St. Paul,55106,40,Male,South St. Paul,55075,,,,No,None,No,"(44.977553, -93.047097)",1
Pedestrian,Yes,04/28/2017 11:56:00 AM,17-093506,Central District,Rice St & Arlington Ave W,4,Yes,30,County - State Aid Highway,Vehicle was SB Rice Street n of Arlington.  Pedestrian began illegally crossing the street and stepped in front of a moving vehicle.  Driver unable to stop and hit pedestrian.  Possible injury to pedestrian.  Transported to hospital by medics.  No citations issued.,Pedestrian,None,55,Female,St. Paul,55104,,,,,78,Male,St. Paul,55117,Yes,Possible Injury,Yes,,,,"(44.98455345, -93.10593556)",1
Pedestrian,Yes,04/28/2017 04:09:00 PM,17-093679,Central District,Rice St & Maryland Ave W,5,Yes,30,County - State Aid Highway,School bus was WB Maryland making a left turn onto SB Rice Street.  Pedestrian was crossing WB in the S x-walk and was struck.  Witnesses confirmed the pedestrian was walking with right of way.  Pedestrian transported to hospital by medics.  Driver of bus was cited for failure to yield to a pedestrian in the crosswalk.  (SRTS),Driver,Driver,48,Female,St. Paul,55117,,,,,51,Male,St. Paul,55101,Yes,Suspected Minor Injury,Yes,,,,"(44.97744549, -93.10592247)",1
Bike,Yes,04/29/2017 02:53:00 PM,17-094495,Eastern District,Ruth St & Suburban,3,Stop Sign,30,Municipal State Aid,"Driver was SB Ruth, making left turn onto EB Suburban.  Bike was SB Ruth on E sidewalk and crossed Suburban using crosswalk.  Driver said another vehicle waved her to make the turn and she struck the bike while making the turn.",No,None,,,,,28,Male,St. Paul,55119,39,Female,St. Paul,55119,,,,No,None,No,"(44.94945532, -93.01500268)",1
Pedestrian,Yes,04/29/2017 05:43:00 PM,17-094615,Eastern District,5th Street E & Winthrop St,2,No,30,City,Vehicle was travelling EB on 5th Street from Winthrop when it struck a pedestrian who had gotten out of a legally parked vehicle.  The pedestrian was transported to the hospital for minor injuries.  The driver was driving on a cancelled license and was inimical to public safety. The driver was also intoxicated.  The driver was arrested and booked into the jail.,Driver,Driver,20,Male,St. Paul,55119,,,,,47,Male,St. Paul,55119,Yes,Possible Injury,Yes,,,,"(44.95949324, -93.0099394)",1
Pedestrian,Yes,04/30/2017 12:06:00 PM,17-095169,Eastern District,6th St E & Forest St,2,No,30,Municipal State Aid,Vehicle was driving W/B on 6th St E when 7 y/o pedestrian darted across the street between two vehicles. Vehicle did not have time to stop and struck Pedestrian.,No,None,7,Male,St. Paul,55106,,,,,40,Female,St. Paul,55106,Yes,Suspected Minor Injury,Yes,,,,"(44.96044319, -93.06222636)",1
Pedestrian,Yes,05/01/2017 02:35:00 PM,17-095986,Central District,Grand Ave & Smith Ave N,4,Yes,30,Municipal State Aid,"Vehicle was EB grand making a left turn onto NB Smith.  Pedestrian was crossing NB across smith in E x-walk with right of way.  Driver struck pedestrian, stating he did not see him.  Suspected minor injury.  Driver cited.",Yes,Driver,35,Female,St. Paul,55101,,,,,39,Male,Mahtomedi,55115,Yes,Suspected Minor Injury,Yes,,,,"(44.941304, -93.109407)",1
Pedestrian,Yes,05/01/2017 03:09:00 PM,17-096184,Western District,Randolph Ave & Albert St S,2,Yes,30,County - State Aid Highway,"Pedestrian was crossing WB in the north crosswalk.  Vehicle was WB Randolph and made a right turn to NB Albert, striking pedestrian and knocking cane to ground.  Driver did not stop and there is not much of a suspect description.  No injury to pedestrian.",No,None,34,Male,St. Paul,55105,,,,,,Unknown,Unknown,Unknown,No,None,No,,,,"(44.92692839, -93.15943406)",1
Bike,No,05/02/2017 09:25:00 AM,17-096575,Western District,Raymond Ave & Energy Park Drive,3,Yes,30,County - State Aid Highway,"No Report.  Notes from Officer E-Mail:
The biker was slightly clipped by the vehicle and fell down. They spoke briefly and the biker told the driver she was fine and that he could leave. Driver was gone on our arrival.",No,None,,,,,,Female,Unknown,Unknown,,Male,Unknown,Unknown,,,,No,None,No,"(44.97423, -93.194569)",1
Pedestrian,No,05/02/2017 04:32:00 PM,17-096913,Eastern District,Maryland Ave E & Walsh St,4,No,30,County - State Aid Highway,"no report made.  Caller reported dark suv struck ped in crosswalk, but pedestrian got up and walked away.  When police arrived no one was around.  Call was cleared Gone On Arrival.",No,None,,Male,Unknown,Unknown,,,,,,Male,Unknown,Unknown,Unknown,Unknown,Unknown,,,,"(44.977489, -93.069378)",1
Pedestrian,Yes,05/03/2017 04:31:00 PM,17-097854,Eastern District,Payne Ave & Case,2,No,30,Municipal State Aid,"Pedestrian and her dog walked EB out of the N alley of Payne & Case.  Video shows her looking both ways, but then walking into traffic and a driver hitting her and the dog.  The female suffered a broken jaw.  The dog was transported by police to the animal hospital and is expected to survive.",No,None,58,Female,St. Paul,55106,,,,,26,Female,St. Paul,55106,Yes,Suspected Serious Injury,Yes,,,,"(44.97077987, -93.07353379)",1
Bike,Yes,05/06/2017 09:41:00 PM,17-101105,Western District,Howell St N & Marshal,2,Stop Sign,30,County - State Aid Highway,"Vehicle EB Marshall, making left turn to NB Howell.  Bike EB Marshall, making left turn onto NB Howell.  Conflicting information from both parties.  No independent witnesses.  Unknown who was at fault.  Minor injuries, not transported to hospital.",No,None,,,,,25,Male,St. Paul,55103,35,Male,Oakdale,55128,,,,Yes,Possible Injury,No,"(44.948401, -93.180722)",1
Pedestrian,Yes,05/07/2017 05:08:00 PM,17-101718,Eastern District,Maryland Ave E & Arkwright St,4,Traffic Signal,30,County - State Aid Highway,"Vehicle was EB Maryland in right lane, with green light and right of way.  Pedestrian was SB Arkwright on a skateboard.  Pedestrian failed to obey red light and was struck by vehicle.",No,None,11,Male,St. Paul,55130,,,,,22,Female,St. Paul,55130,Yes,Suspected Minor Injury,No,,,,"(44.97741534, -93.08339099)",1