Crash Type,Report Made?,Date / Time,Case Number,District,Crash Location,Lanes Of Traffic,Signal Present?,Speed Limit Of Road (MPH),Road Type,Synopsis,Ticket/Arrest?,Citation To,Pedestrian Age,Pedestrian Gender,Pedestrian City Of Residence,Pedestrian Zip Code,Biker Age,Biker Gender,Biker City of Residence,Biker Zip Code,Driver Age,Driver Gender,Driver City Of Residence,Driver Zip Code,Injury to Pedestrian?,Level of Injury to Pedestrian,Pedestrian to Hospital?,Injury to Biker?,Level of Injury to Biker,Biker to Hospital?,Crash Lat/Long Location,Count
Pedestrian,Yes,09/07/2017 03:58:00 PM,17-211878,Central District,George St W & Hall St,2,Stop Sign,30,Municipal State Aid,"Vehicle EB George passing by Hall. Juvenile ran across road failing to look for traffic after getting off an MTC bus. Juvenile
struck but not injured.",No,None,13,Male,St. Paul,55107,,,,,32,Female,St. Paul,55106,No,None,No,,,,"(44.92964978, -93.08668611)",1
Pedestrian,Yes,09/08/2017 09:14:00 PM,17-213035,Western District,Cretin Ave N & Riverwood,4,No,30,Municipal State Aid,Driver SB Cretin.  Pedestrian crossed mid-block and was struck.,No,None,82,Male,Circle Pines,55014,,,,,21,Male,St. Paul,55104,Yes,Suspected Minor Injury,Yes,,,,"(44.9437205, -93.19252806)",1
Pedestrian,Yes,09/11/2017 07:23:00 PM,17-215333,Central District,7th St W & St. Clair,Private,No,10,Parking Lot,Driver struck pedestrian in parking lot of gas station.,No,None,58,Male,St. Paul,55102,,,,,65,Male,Farrington,55024,Yes,Suspected Minor Injury,Yes,,,,"(44.934036, -93.11772114)",1
Pedestrian,Yes,09/12/2017 08:57:00 PM,17-216318,Western District,Grand Ave & Lexington Pkwy,4,Yes,30,County - State Aid Highway,Pedestrian was crossing Lexington south of grand and was struck by vehicle that failed to stop.,No,None,91,Male,North Oaks,55127,,,,,,Unknown,Unknown,Unknown,Yes,Suspected Minor Injury,Yes,,,,"(44.93987326, -93.14662194)",1
Pedestrian,Yes,09/13/2017 07:49:00 AM,17-216587,Eastern District,7th St E & Van Dyke St,2,No,30,Municipal State Aid,Pedestrian ran across the street northbound at 1863 E. 7th Street. Vehicle one struck the pedestrian with the left front part of the vehicle while traveling eastbound. The pedestrian went into the air and landed near a parked vehicle facing west on 7th Street.,No,None,7,Female,St. Paul,55119,,,,,,Unknown,Unknown,Unknown,Yes,Suspected Serious Injury,Yes,,,,"(44.96669837, -93.02156298)",1
Pedestrian,Yes,09/13/2017 07:54:00 PM,17-217213,Central District,Hoyt Ave & Rice St,4,No,30,County - State Aid Highway,Driver SB Rice at Hoyt.  Pedestrian crossing in crosswalk.  Driver failed to stop for ped and fled scene.  Investigation revealed driver who was cited.,Yes,Driver,58,Male,St. Paul,55117,,,,,42,Female,St. Paul,55117,Yes,Suspected Minor Injury,Yes,,,,"(44.98825604, -93.10595581)",1
Bike,Yes,09/13/2017 09:00:00 PM,17-217340,Western District,Dayton Ave & Louis,2,No,30,City,Biker was EB Dayton.  Driver starting from parked position made a left in front of bike and struck bike.  Driver fled scene.,No,None,,,,,40,Male,St. Paul,55102,,Unknown,Unknown,Unknown,,,,Yes,Suspected Minor Injury,No,"(44.94739948, -93.11002232)",1
Bike,Yes,09/14/2017 04:00:00 PM,17-217892,Central District,Dale St N & Maryland Ave W,4,Yes,30,County - State Aid Highway,"Driver NB Dale at Maryland and failed to stop for red light, striking bike.  Driver cited.",Yes,Driver,,,,,60,Male,Minneapolis,55414,81,Male,Shoreview,55126,,,,Yes,Possible Injury,No,"(44.97750035, -93.12627824)",1
Bike,Yes,09/14/2017 09:28:00 PM,17-218161,Western District,Hamline Ave N & University Ave W,4,No,30,Municipal State Aid,"Driver NB Hamline, making left into parking lot and struck biker.",No,None,,,,,42,Male,St. Paul,55104,31,Male,St. Paul,55105,,,,Yes,Suspected Minor Injury,No,"(44.95350231, -93.15693086)",1
Pedestrian,Yes,09/15/2017 10:12:00 AM,17-218522,Western District,University Ave W & Snelling Ave N,5,Yes,30,County - State Aid Highway,Pedestrian crossing SB in E x-walk on green with walk light.  Vehicle SB making left turn to EB University struck ped and fled scene.,No,None,19,Female,Forest Lake,55025,,,,,45,Male,Unknown,Unknown,No,None,No,,,,"(44.95566207, -93.16704028)",1
Bike,Yes,09/15/2017 02:38:00 PM,17-218700,Eastern District,3rd St E & Johnson Pkwy,4,Yes,30,Municipal State Aid,Bike was NB Johnson.  Vehicle was turning EB 3rd from Johnson and struck biker.,No,None,,,,,27,Male,"Roberts, WI",54023,68,Female,St. Paul,55106,,,,Yes,Suspected Minor Injury,Yes,"(44.95671629, -93.04587927)",1
Bike,Yes,09/17/2017 09:16:00 PM,17-220518,Western District,Fairview Ave N & Marshall,2,Yes,30,County - State Aid Highway,Biker was SB Fairview crossing Marshall.  Vehicle was NB making left onto Fairview and struck biker.  Bike had no reflectors or lights.  Vehicle fled scene and did not stop.,No,None,,,,,26,Female,St. Paul,55117,,Unknown,Unknown,Unknown,,,,No,None,No,"(44.948406, -93.177168)",1
Bike,Yes,09/18/2017 01:45:00 PM,17-220914,Western District,Lexington Pkwy & Concrordia,4,Yes,30,County - State Aid Highway,Biker in W x-walk was struck by right turning vehicle.,No,None,,,,,18,Female,St. Paul,55104,29,Female,Minneapolis,55412,,,,Yes,Suspected Minor Injury,No,"(44.951615, -93.146753)",1
Bike,Yes,09/19/2017 04:20:00 PM,17-221836,Eastern District,Johnson Pkwy & Magnolia,2,No,30,City,"V1 turning left onto Magnolia Avenue from Johnson Parkway struck V2 crossing Magnolia Avenue E southbound on Johnson Parkway. V1 was cited for failure to yield, V2 was not transported by medics refused medical service.",Yes,Driver,,,,,76,Male,Maplewood,55119,56,Female,St. Paul,55106,,,,Yes,Suspected Minor Injury,No,"(44.97518155, -93.04590741)",1
Bike,Yes,09/20/2017 08:32:00 PM,17-223042,Western District,Cleveland Ave N & Marshall St,2,Yes,30,County - State Aid Highway,"Bike was SB on W sidewalk with no brakes and no lights.  Vehicle SB Cleveland, making right turn to WB Marshall.  Bike drove into right front of vehicle.  No citations issued.",No,None,,,,,28,Male,Minneapolis,55406,57,Male,St. Paul,55103,,,,Yes,Suspected Minor Injury,No,"(44.94845449, -93.18748788)",1
Bike,Yes,09/21/2017 04:15:00 PM,17-223746,Western District,University Ave W & Albert Street,4,Stop Sign,30,County - State Aid Highway,Biker NB Albert making right to EB University.  Biker WB on s sidewalk/x-walk and was struck by vehicle.  Vehicle fled scene.,No,None,,,,,50,Male,St. Paul,55104,,Unknown,Unknown,Unknown,,,,No,None,No,"(44.9555186, -93.15943204)",1
Bike,Yes,09/23/2017 08:29:00 AM,17-225369,Central District,Rice St & Sycamore,4,Yes,30,County - State Aid Highway,"Bike was NB on W sidewalk of Rice Street, with red light.  Vehicle was EB Sycamore, making right turn to SB Rice, with green light.  Bike failed to obey light and rode into vehicle.  Biker cited.",Yes,Biker,,,,,36,Male,St. Paul,55103,40,Female,St. Paul,55117,,,,Yes,Suspected Minor Injury,Yes,"(44.96471715, -93.10606009)",1
Bike,Yes,09/23/2017 10:07:00 AM,17-225421,Western District,Dale St N & Summit Ave,2,Yes,30,County - State Aid Highway,"Vehicle WB Summit, making left to SB Dale on green light.  Biker EB Summit on green.  Driver turned into biker and then fled scene.  Police located driver at home.  Driver was impaired by alcohol and was arrested.",Yes,Driver,,,,,33,Male,St. Paul,55102,26,Male,St. Paul,55106,,,,Yes,Suspected Minor Injury,Yes,"(44.94136061, -93.12625019)",1
Pedestrian,Yes,09/23/2017 09:27:00 PM,17-225974,Eastern District,Arcade St & Sims,3,No,30,County - State Aid Highway,"Driver NB Arcade, struck ped at Sims. This is being investigated as an aggravated assault with a  motor vehicle.",No,None,21,Male,St. Paul,55117,,,,,19,Female,St. Paul,55104,Yes,Suspected Minor Injury,Yes,,,,"(44.96935897, -93.06599888)",1
Bike,Yes,09/24/2017 11:48:00 AM,17-226327,Western District,Albert St & University Ave W,4,Stop Sign,30,County - State Aid Highway,Vehicle was NB Albert making right onto EB University.  Struck biker who was WB in the EB traffic lanes of University.,No,None,,,,,21,Female,St. Paul,55104,64,Female,St. Paul,55104,,,,Yes,Possible Injury,No,"(44.95555675, -93.15940531)",1
Pedestrian,Yes,09/25/2017 03:32:00 PM,17-227229,Eastern District,3rd St E & Tell,2,No,30,Municipal State Aid,The vehicle was traveling eastbound in traffic when a pedestrian ran into his car from the south. The pedestrian hit the front passenger fender and passenger side mirror.,No,None,10,Male,St. Paul,55106,,,,,62,Male,St. Paul,55106,Yes,Suspected Serious Injury,Yes,,,,"(44.95673598, -93.05520141)",1
Pedestrian,Yes,09/25/2017 04:42:00 PM,17-228160,Western District,Central & Dunlap,2,No,30,City,"Pedestrian was walking across a driveway access when he was bumped by a taxi cab (Blue & White co). Two witnesses observed the incident, and saw as taxi driver drove away without checking on pedestrian. Pedestrian was unsuccessful in getting information from Blue and White Taxi company.",No,None,55,Male,St. Paul,55117,,,,,,Unknown,Unknown,Unknown,Yes,Possible Injury,No,,,,"(44.95451233, -93.14929239)",1
Pedestrian,Yes,09/25/2017 07:50:00 PM,17-227402,Western District,Snelling Ave N & St. Anthony Ave,8,Yes,30,State - Trunk Highway,Pedestrian crossing WB in S x-walk.  Vehicle was SB Snelling making right turn to WB St. Anthony and struck pedestrian.  Driver fled scene.,No,None,38,Female,Minneapolis,55403,,,,,,Unknown,Unknown,Unknown,Yes,Possible Injury,Yes,,,,"(44.95206603, -93.16727135)",1
Bike,Yes,09/26/2017 08:28:00 AM,17-227714,Central District,7th St E & John St,5,Stop Sign,30,State - Trunk Highway,"Vehicle SB John, making right to 7th Street.  Biker EB on N sidewalk/x-walk.  Vehicle turned without looking at biker and struck biker.",Yes,Driver,,,,,34,Female,South St. Paul,55075,65,Female,Maplewood,55109,,,,Yes,Possible Injury,Yes,"(44.95319992, -93.08419579)",1
Pedestrian,Yes,09/27/2017 08:06:00 AM,17-228594,Western District,7th St W & Albion St,2,Yes,30,State - Trunk Highway,Driver was SB Albion making left to EB 7th Street.  Pedestrian was NB in E x-walk with walk sign.  Driver said sun was in eyes and could not see.  Driver cited for FTY pedestrian.,Yes,Driver,59,Female,St. Paul,55102,,,,,36,Female,Minneapolis,55416,Yes,Suspected Minor Injury,Yes,,,,"(44.91434231, -93.1465634)",1
Pedestrian,Yes,09/27/2017 09:20:00 PM,17-229270,Eastern District,6th St E & Mounds Blvd,5,Yes,30,State - Trunk Highway,Pedestrian illegally crossed road and was struck by vehicle.  Pedestrian cited.,Yes,Pedestrian,31,Male,St. Paul,55119,,,,,32,Male,St. Paul,55106,Yes,Suspected Minor Injury,Yes,,,,"(44.9560731, -93.07461968)",1
Pedestrian,Yes,09/27/2017 09:21:00 PM,17-229269,Central District,Robert St S & Fillmore Ave,4,Yes,30,State - Trunk Highway,"Driver was EB Fillmore, making left to NB Robert.  Pedestrian was crossing in N x-walk with walk sign.  Driver said he did not see the pedestrian.  Driver was impaired by alcohol and was arrested for Criminal Vehicular Operation.",Yes,Driver,51,Female,South St. Paul,55075,,,,,63,Male,"Greenville, SC",29609,Yes,Suspected Serious Injury,Yes,,,,"(44.94129028, -93.08514421)",1
Bike,Yes,09/28/2017 01:42:00 PM,17-229864,Western District,Marshall Ave & Otis St,2,No,30,City,Vehicle was exiting parking lot of 300 Mississippi River Blvd onto Otis.  Bike was struck on Otis.,No,None,,,,,71,Male,St. Paul,55104,66,Female,St. Paul,55105,,,,Yes,Possible Injury,No,"(44.94869107, -93.19792399)",1
Pedestrian,Yes,09/28/2017 03:42:00 PM,17-229943,Western District,University Ave W & Snelling Ave N,5,Yes,30,State - Trunk Highway,"Vehicle #1 was north on Snelling Ave and going to make a left turn onto west bound University. Vehicle #1 was in the
process of making her turn and didn't see the pedestrian crossing the roadway. Vehicle #1 struck the pedestrian. The
pedestrian was transported to U Of M Hospital with a minor injury to her knee.",No,None,29,Female,St. Paul,55104,,,,,54,Female,St. Paul,55104,Yes,Suspected Minor Injury,Yes,,,,"(44.95572642, -93.16733565)",1
Pedestrian,Yes,09/29/2017 03:23:00 PM,17-230833,Eastern District,Burr St & Maryland Ave,4,No,30,County - State Aid Highway,Pedestrian was crossing Maryland and struck by vehicle.,No,None,38,Male,St. Paul,55130,,,,,48,Male,St. Paul,55116,Yes,Suspected Minor Injury,No,,,,"(44.97740953, -93.07985538)",1
Pedestrian,Yes,10/02/2017 02:13:00 PM,17-233108,Western District,Grand Ave & St. Albans,3,No,30,Municipal State Aid,"Driver SB St. Albans, struck pedestrian who was crossing in N x-walk.  Driver said they did not see pedestrian.  Driver cited for FTY Pedestrian.",Yes,Driver,64,Female,Excelsior,55331,,,,,65,Female,St. Paul,55105,Yes,Suspected Minor Injury,Yes,,,,"(44.93993757, -93.12874119)",1
Pedestrian,Yes,10/03/2017 03:32:00 PM,17-233929,Central District,Front Ave & Western Ave,2,No,30,County - State Aid Highway,Vehicle intentionally struck pedestrian.  Being investigated as an aggravated assault by police.,No,None,44,Female,St. Paul,55117,,,,,,Male,Unknown,Unknown,Yes,Suspected Serious Injury,Yes,,,,"(44.97011168, -93.11726991)",1
Pedestrian,Yes,10/03/2017 07:16:00 PM,17-234142,Western District,Marshall Ave & Victoria St,2,Stop Sign,30,Municipal State Aid,"Driver  EB Marshall, making left to NB Victoria.  Ped was crossing WB in S x-walk.  Driver cited for FTY pedestrian.",Yes,Driver,34,Female,St. Paul,55104,,,,,63,Male,Maplewood,55119,Yes,Possible Injury,No,,,,"(44.94853645, -93.1364042)",1
Pedestrian,Yes,10/04/2017 09:48:00 AM,17-234530,Western District,University Ave W & Lexington,5,Yes,30,County - State Aid Highway,Driver NB Lexington making right to EB University and struck pedestrian. Driver fled.,No,None,67,Male,St. Paul,55102,,,,,,Female,Unknown,Unknown,Yes,Suspected Minor Injury,Yes,,,,"(44.9556377, -93.146675)",1
Pedestrian,Yes,10/06/2017 06:22:00 AM,17-236124,Central District,Maryland Ave W & Rice St N,5,Yes,30,County - State Aid Highway,Driver EB Maryland.  Pedestrian crossing Maryland against light was struck by vehicle.,No,None,60,Male,St. Paul,55103,,,,,24,Female,St. Paul,55117,Yes,Suspected Serious Injury,Yes,,,,"(44.97736937, -93.10582448)",1
Pedestrian,Yes,10/06/2017 04:55:00 PM,17-236509,Western District,University Ave W & Galtier St,4,Stop Sign,30,County - State Aid Highway,Vehicle (School Bus) NB Galtier making right turn to EB University and struck pedestrian.  Driver denied crash.  No injury.,No,None,23,Male,St. Paul,55101,,,,,27,Male,St. Paul,55104,No,None,No,,,,"(44.95556363, -93.11112852)",1
Pedestrian,Yes,10/06/2017 05:11:00 PM,17-236520,Central District,5 St E & Wall St,2,Yes,30,Municipal State Aid,Vehicle was EB 5th Street making left to NB Wall.  Ped was EB in N x-walk and was struck.  Driver failed to yield to ped.,Yes,Driver,39,Male,St. Paul,55101,,,,,51,Female,St. Paul,55119,Yes,Suspected Minor Injury,No,,,,"(44.94979794, -93.08589133)",1
Pedestrian,Yes,10/06/2017 08:40:00 PM,17-236721,Western District,University Ave W & Vandalia St,5,Yes,30,County - State Aid Highway,Vehicle was NB Vandalia making left to WB University.  Pedestrian was crossing NB in W x-walk with walk light.  Driver did not see pedestrian.  Driver cited for FTY Pedestrian.,Yes,Driver,17,Female,St. Paul,55106,,,,,43,Male,Oakdale,55128,Yes,Suspected Minor Injury,Yes,,,,"(44.96080318, -93.18962376)",1
Pedestrian,Yes,10/08/2017 12:00:00 AM,17-237997,Western District,Edmund Ave &  Farrington,2,Stop Sign,30,City,Pedestrian was WB in N Xwalk of Edmund at Farrington.  Red SUV SB ran through stop sign and struck pedestrian and then fled.,No,None,19,Female,St. Paul,55104,,,,,,Male,Unknown,Unknown,Yes,Suspected Minor Injury,Yes,,,,"(44.95859045, -93.11358993)",1
Bike,Yes,10/08/2017 04:39:00 PM,17-238107,Western District,Avon St N & Holly Ave,2,Stop Sign,30,City,Biker NB Avon failed to stop at stop sign and was struck by vehicle WB Holly.,Yes,Biker,,,,,22,Male,Minneapolis,55441,64,Female,St. Paul,55104,,,,Yes,Suspected Minor Injury,No,"(44.94320048, -93.13379413)",1
Pedestrian,Yes,10/11/2017 12:07:00 AM,17-239969,Central District,7 St W & Kellogg Blvd W,5,Yes,30,State - Trunk Highway,"Pedestrian ran across 7th Street and was struck by turning vehicle.  Driver stopped and checked on pedestrian, but left before police arrived.",Yes,Driver,24,Female,Mayer,55360,,,,,,Female,Unknown,Unknown,No,None,No,,,,"(44.94461333, -93.10255861)",1
Bike,Yes,10/12/2017 07:13:00 PM,17-241368,Western District,Hamline Ave S & St. Clair Ave,2,Yes,30,Municipal State Aid,"Driver was EB St Clair, making right turn on red to SB Hamline.  Biker was NB on W sidewalk and had right of way.  Driver struck biker.",Yes,Driver,,,,,11,Male,St. Paul,55105,49,Male,St. Paul,55116,,,,Yes,Possible Injury,No,"(44.93420376, -93.15694129)",1
Pedestrian,Yes,10/16/2017 02:07:00 PM,17-244119,Western District,University Ave W & Pascal St N,Private,No,10,Parking Lot,Vehicle backing in parking lot struck pedestrian.,No,None,29,Female,St. Paul,55119,,,,,24,Female,Eagan,55122,Yes,Possible Injury,Yes,,,,"(44.95546582, -93.16198804)",1
Bike,Yes,10/17/2017 05:09:00 PM,17-245093,Central District,Como Ave W & Farrington St,2,Yes,30,City,"Driver parked vehicle in a bike lane and exited the car, striking a biker who was legally riding in the lane.  Driver cited for unsafe opening of car door.",Yes,Driver,,,,,39,Male,Roseville,55113,43,Male,Vadnais Heights,55109,,,,Yes,Possible Injury,No,"(44.96275, -93.112566)",1
Pedestrian,Yes,10/18/2017 05:39:00 PM,17-245876,Western District,Milton St N & Dayton Ave,2,No,30,City,3 y/o ran across street and was struck by vehicle.,No,None,3,Male,St. Paul,55104,,,,,73,Female,St. Paul,55104,Yes,Suspected Minor Injury,Yes,,,,"(44.94744765, -93.13865548)",1
Pedestrian,Yes,10/19/2017 10:21:00 AM,17-246370,Western District,University Ave W & Pascal St N,Private,No,10,Parking Lot,Vehicle was driving fast in parking lot and struck a pedestrian.  Vehicle fled.,No,None,53,Male,St. Paul,55103,,,,,,Unknown,Unknown,Unknown,No,None,No,,,,"(44.95214968, -93.16197767)",1
Bike,Yes,10/19/2017 04:08:00 PM,17-246604,Eastern District,Johnson Pkwy & Case Ave,2,Stop Sign,30,County - State Aid Highway,Bikes were SB Johnson crossing case.  Driver was WB Case making right to NB Johnson and struck biker.,No,None,,,,,6,Male,St. Paul,55106,58,Male,St. Paul,55104,,,,Yes,Possible Injury,Yes,"(44.96902572, -93.04489594)",1
Bike,Yes,10/19/2017 08:44:00 PM,17-246808,Eastern District,Arcade St & Neid,2,Yes,30,Municipal State Aid,16 year old child was riding a bike south on Arcade and crossing on a green light at Neid LN when a unknown vehicle hit him and knocked him off his bike. The vehicle took off North on Arcade. Minor injuries to child's head and left knee. He was transported to Regions Hospital for evaluation.,No,None,,,,,16,Male,St. Paul,55109,,Unknown,Unknown,Unknown,,,,Yes,Suspected Minor Injury,Yes,"(44.96716717, -93.06607186)",1
Bike,Yes,10/22/2017 05:07:00 PM,17-248828,Eastern District,Phalen Blvd & Cayuga St,2,No,35,Municipal State Aid,"Unit 1 was traveling southbound on Mendota Circle at Phalen Blvd. Unit 2 was traveling westbound on Phalen Blvd at Mendota circle, Unit 1 struck unit 2 in crosswalk. No injuries reported.",Yes,Driver,,,,,54,Male,St. Paul,55102,25,Female,South St. Paul,55075,,,,No,None,No,"(44.96596187, -93.06204444)",1
Pedestrian,Yes,10/24/2017 06:36:00 AM,17-249947,Central District,7th St E & Wall Street,Private,No,10,Parking Lot,Driver struck pedestrian in parking lot of gas station.,Yes,Driver,72,Male,Cottage Grove,55016,,,,,26,Male,St. Louis Park,55426,Yes,Possible Injury,No,,,,"(44.95152343, -93.08736021)",1
Pedestrian,Yes,10/24/2017 03:21:00 PM,17-250303,Eastern District,7 St E & Mounds Blvd,5,Yes,30,State - Trunk Highway,Driver was WB 7th Street making left to SB Mounds Blvd and struck pedestrian who was crossing in S x-walk. Witness stated pedestrian did not have right of way.,No,None,38,Male,St. Paul,55101,,,,,24,Female,Forest Lake,55025,Yes,Possible Injury,Yes,,,,"(44.9571004, -93.07593598)",1
Pedestrian,Yes,10/24/2017 04:44:00 PM,17-250365,Central District,Rice St & Arlington Ave W,4,Yes,30,County - State Aid Highway,Vehicle was WB Arlington making left to SB Rice.  Ped crossing WB in S Xwalk with right of way.  Vehicle struck ped.  Witness observed driver distracted by cell phone.,Yes,Driver,22,Female,St. Paul,55106,,,,,49,Female,Little Canada,55117,Yes,Suspected Minor Injury,Yes,,,,"(44.98457181, -93.10586847)",1
Pedestrian,Yes,10/25/2017 07:18:00 PM,17-251324,Western District,Lexington Pkwy & Ashland,2,No,30,City,"On 10/25/17, at 1918 hours, squads were sent to Ashland Ave/Lexington Pkwy for a motor vehicle theft in progress.  Officers found a female took a vehicle without consent, and tried to drive away without the owner's consent, and dragged the owner as he hung onto the car.  Muna Abdulqadir, 24 y/o, female, was arrested for criminal vehicular operation.  She was booked at the LEC for that charge.",Yes,Driver,37,Male,St. Paul,55106,,,,,24,Female,Brooklyn Park,55443,Yes,Suspected Minor Injury,No,,,,"(44.94391044, -93.1474891)",1
Pedestrian,Yes,10/26/2017 09:39:00 AM,17-251684,Western District,Snelling Ave N & University Ave W,6,Yes,30,County - State Aid Highway,"Vehicle was EB University, making right to SB Snelling.  Pedestrian walking EB University in S X-Walk with right of way. Driver struck pedestrian.",No,None,24,Female,St. Paul,55104,,,,,33,Male,St. Paul,55104,Yes,Possible Injury,No,,,,"(44.95550483, -93.16720083)",1
Pedestrian,Yes,10/30/2017 05:34:00 PM,17-254651,Western District,University Ave W & Pascal St N,4,Yes,30,City,Driver was SB Pascal at University.  Pedestrian claimed to be struck by driver at the corner.  Witness and video evidence shows that pedestrian intentionally walked into vehicle and attempted to make it look like a pedestrian crash.,Yes,Pedestrian,24,Male,St. Paul,55101,,,,,59,Male,Cottage Grove,55016,Yes,Possible Injury,Yes,,,,"(44.95549689, -93.16194109)",1
Pedestrian,Yes,10/30/2017 06:36:00 PM,17-254701,Eastern District,White Bear Ave & Wilson St,4,No,30,County - State Aid Highway,"Vehicle SB White Bear Ave, Ped crossing at Wilson, with a stroller and child.  Vehicle struck peds.",No,None,33,Female,St. Paul,55119,,,,,22,Male,Oakdale,55128,No,None,No,,,,"(44.95416162, -93.02528831)",1
Ped2,,10/30/2017 06:36:01 PM,17-254701,,,,,,,Ped 2 for above crash,,,2,Male,St. Paul,55119,,,,,,,,,Yes,Possible Injury,No,,,,,1
Pedestrian,Yes,11/03/2017 11:01:00 AM,17-257627,Western District,University Ave W & Vandalia St,5,Yes,30,County - State Aid Highway,"Vehicle was WB University making right to NB Vandalia, driver stopped to avoid a pedestrian that was crossing in N X-walk.  Vehicle was then rear-ended by another which caused it to crash into the pedestrian.",No,None,29,Male,Coon Rapids,55433,,,,,74,Male,St. Paul,55116,Yes,Suspected Minor Injury,Yes,,,,"(44.96080056, -93.18959223)",1
Pedestrian,Yes,11/03/2017 04:04:00 PM,17-257825,Western District,University Ave W & Lexington,6,Yes,30,County - State Aid Highway,"Driver was EB University and struck pedestrian.  Driver stated that his windshield was covered in snow on the passenger side. The passenger side windshield wiper blade was missing, preventing snow from being cleared. DV1 stated that he did not see the pedestrian, and he struck the pedestrian in the crosswalk at about 5 mph.",Yes,Driver,70,Male,St. Paul,55101,,,,,27,Male,St. Paul,55102,No,None,No,,,,"(44.95556586, -93.14648689)",1
Pedestrian,Yes,11/03/2017 06:19:00 PM,17-257953,Central District,Robert St N & 10th St E,4,Yes,30,State - Trunk Highway,"Driver was EB 10th, making left to NB Robert and struck pedestrian. Driver stated he did not see the pedestrian.",No,None,62,Male,St. Paul,55104,,,,,46,Male,St. Paul,55104,Yes,Suspected Minor Injury,Yes,,,,"(44.95135709, -93.09465476)",1
Pedestrian,Yes,11/06/2017 12:41:00 PM,17-259666,Central District,Rice St & Sherburne,4,No,30,County - State Aid Highway,Pedestrian crossing in marked crosswalk.  Vehicle was SB Rice and struck pedestrian.,Yes,Driver,56,Female,St. Paul,55103,,,,,41,Female,St. Paul,55106,Yes,Possible Injury,Yes,,,,"(44.95684246, -93.10600533)",1
Pedestrian,Yes,11/06/2017 02:45:00 PM,17-259754,Eastern District,Payne Ave & Maryland Ave E,4,Yes,30,County - State Aid Highway,Pedestrian called after the fact and stated he was jay-walking against the light n/b across Maryland Ave at Payne (against the red). He said while he was trying to beat traffic running n/b his left foot became injured by a w/b car. He said the car nearly struck him or hit his leg as he ran n/b across traffic. He could only tell officers that the car was black in color. He did not see what make or model the car was and could not describe any driver. His info of the incident was vague and limited.  No further info.,No,None,30,Male,St. Paul,55106,,,,,,Unknown,Unknown,Unknown,Yes,Possible Injury,Yes,,,,"(44.97747097, -93.07349307)",1
Pedestrian,Yes,11/07/2017 01:57:00 AM,17-260142,Eastern District,7th St E & Kittson St,4,No,30,State - Trunk Highway,On 11-07-17 at approximately 0157 hours a squad was traveling west on 7th St E when they observed Unit 1 traveling east bound in the outside lane (curb lane) of 7th St E just past Kittson St. They observed Unit 1 appear to hit a large black object in the road on the bridge between Kittson St and Payne Av. The object flew several feet into the air and landed in the east bound lanes on 7th St E. Unit 1 continued east bound without slowing down. Officers determined the object was Pedestrian 2. Officers stopped Unit 1 and found driver 1 showed signs of intoxication. Driver 1 was arrested and a search warrant was obtained for a blood draw. A witness stated Pedestrian 2 had been in the road prior to this incident attempting to be hit on purpose. Medics pronounced Pedestrian 2 deceased at the scene and not transported by medics from the scene. Driver 1 admitted to striking Pedestrian 2 and leaving the scene without stopping to render assistance. Driver 1 also admitted to drinking alcohol earlier in the evening. Driver 1 was booked for Criminal  Vehicular Homicide.,Yes,Driver,39,Male,St. Paul,55102,,,,,24,Male,St. Paul,55106,Yes,FATAL,Yes,,,,"(44.95313975, -93.0801605)",1