Crash Type,Report Made?,Date / Time,Case Number,District,Crash Location,Lanes Of Traffic,Signal Present?,Speed Limit Of Road (MPH),Road Type,Synopsis,Ticket/Arrest?,Citation To,Pedestrian Age,Pedestrian Gender,Pedestrian City Of Residence,Pedestrian Zip Code,Biker Age,Biker Gender,Biker City of Residence,Biker Zip Code,Driver Age,Driver Gender,Driver City Of Residence,Driver Zip Code,Injury to Pedestrian?,Level of Injury to Pedestrian,Pedestrian to Hospital?,Injury to Biker?,Level of Injury to Biker,Biker to Hospital?,Crash Lat/Long Location,Count
Pedestrian,Yes,11/08/2017 07:21:00 PM,17-261515,Central District,Robert St N & 10th St E,5,Yes,30,State - Trunk Highway,Vehicle 1 was travelling westbound on 10th St and turning to travel southbound onto Robert St. Vehicle 1 struck Pedestrian 1 in crosswalk. Pedestrian 1 was walking eastbound on the south side of Robert St crossing Robert in the marked crosswalk.,No,None,53,Female,Inver Grove Heights,55077,,,,,51,Female,Red Wing,55066,Yes,Possible Injury,No,,,,"(44.95133205, -93.09463124)",1
Pedestrian,Yes,11/10/2017 03:45:00 AM,17-262540,Eastern District,Hazelwood St & Reaney,2,No,30,City,"Squads sent to Regions on a Ped Crash.  Victim said he was walking home from a party. Victim said he was not certain of his location, but his best guess was the area around Reaney and Hazelwood. Victim was hit by an unknown vehicle. Victim was transported to the hospital by his girlfriend.",No,None,32,Male,St. Paul,55106,,,,,,Unknown,Unknown,Unknown,Yes,Suspected Serious Injury,Yes,,,,"(44.96405583, -93.0356325)",1
Bike,Yes,11/10/2017 04:53:00 PM,17-262906,Central District,Kellogg Bd E & Broadway St,4,Yes,30,Municipal State Aid,Driver of Unit 1 was traveling EB on Kellogg and claimed to have the green light at Broadway. Driver of Unit 2 apparently attempted to cross on Broadway from the south side of Kellogg to the north side of Kellogg on his bike. Unit 1 struck Unit 2 causing him to come up and unto her windshield. Driver of Unit 2 smelled of consumed alcoholic beverage and was transported to Region's Hospital with apparent non life threatening injuries by SPFD. He did not remember anything from the event. Nothing further at this time.,No,None,,,,,41,Male,St. Paul,55106,26,Female,St. Paul,55106,,,,Yes,Possible Injury,Yes,"(44.94865396, -93.08366591)",1
Pedestrian,Yes,11/10/2017 05:31:00 PM,17-262948,Western District,University Ave W & Lexington,6,Yes,30,County - State Aid Highway,An unknown motor vehicle was making a left turn from Lexington Parkway on to University Ave and the pedestrian ran south across University Ave and into the side of the motor vehicle. The motor vehicle did not stop after the incident.,No,None,36,Female,St. Paul,55104,,,,,,Unknown,Unknown,Unknown,Yes,Suspected Minor Injury,Yes,,,,"(44.95553622, -93.14636328)",1
Pedestrian,Yes,11/12/2017 02:13:00 PM,17-264157,Eastern District,White Bear Ave N & Old Hudson Rd,4,Yes,30,County - State Aid Highway,"Unit 1 was W/B on Old Hudson, turning left onto S/B White Bear Ave. Unit 2 was walking E/B on Old Hudson and was struck by Unit 1 while in the cross walk. Unit 1 was cited for Fail to Yield to Right of Way of a Pedestrian in a Crosswalk (620905312081) and released at the scene.",Yes,Driver,59,Male,South St. Paul,55075,,,,,29,Male,St. Paul,55105,Yes,Possible Injury,Yes,,,,"(44.95261175, -93.02528763)",1
Pedestrian,Yes,11/12/2017 07:21:00 PM,17-264325,Western District,Cretin Ave N & Carroll Ave,4,No,35,Municipal State Aid,"Driver was SB Cretin and struck pedestrian S of Cretin.  No signs of impairment, consensual blood draw conducted.  Crash Investigation is on-going.",No,None,14,Male,Minneapolis,55401,,,,,52,Male,Hopkins,55343,Yes,Suspected Serious Injury,Yes,,,,"(44.95076533, -93.19250748)",1
Pedesrian,Yes,11/16/2017 10:15:00 PM,17-267447,Central District,Smith Ave N & Kellogg Blvd,4,No,30,Municipal State Aid,"Vehicle was traveling south on Smith from Kellogg. Ped was crossing from the south side of Smith to the north, mid block not at a cross walk, and crossing through stopped traffic. Veh and Ped did not see each other and crashed.  Ped  received no apparent injury. Veh had a broken windshield and driver's side mirror. No citation was issued at this time. No medical assistance was requested.",No,None,48,Male,Lakeville,55044,,,,,20,Male,Welch,55089,No,None,No,,,,"(44.94510729, -93.10416596)",1
Pedestrian,Yes,11/17/2017 03:30:00 PM,17-267432,Central District,Cedar Ave & Kellogg Blvd,3,Yes,30,municipal State Aid,Pedestrian was crossing Cedar in N x-walk of Kellogg with green light and walk sign.  Driver struck pedestrian and fled.,No,None,54,Female,St. Paul,55101,,,,,,Unknown,Unknown,Unknown,Yes,Possible Injury,Yes,,,,"(44.94452744, -93.09151446)",1
Pedesrian,Yes,11/17/2017 07:10:00 PM,17-268057,Western District,Dale St N & University Ave W,6,Yes,30,County - State Aid Highway,Pedestrian was walking NB across Dale Street on the West side of University on a green light with the walk signal. Unknown suspect vehicle was turning WB on University from NB Dale street and struck pedestrian with the front left quarter panel of the vehicle knocking her to the ground. Vehicle fled scene.  Pedestrian had no visible injuries at this time. She was transported by police to the hospital for precaution. Unknown suspect information at this time.,No,None,56,Female,St. Paul,55101,,,,,,Unknown,Unknown,Unknown,Yes,Possible Injury,Yes,,,,"(44.95581725, -93.12633131)",1
Pedesrian,Yes,11/19/2017 12:30:00 AM,17-296096,Western District,Summit Ave & Finn st,2,No,30,Municipal State Aid,Vehicle was SB summit near Finn.  Ped had exited bus and was crossing Summit in a marked x-walk.  Veh was going at a high rate of speed and struck pedestrian.  Driver fled.  Investigator located driver and driver stated he did not see pedestrian and did not know he hit anyone.  Case was sent to RCAO for charging consideration. (12/28/17),Yes,Driver,20,Male,Chanhassan,55317,,,,,16,Male,St. Paul,55117,Yes,Suspected Minor Injury,No,,,,"(44.941649, -93.18990594)",1
Pedesrian,Yes,11/20/2017 07:47:00 PM,17-270274,Eastern District,Minnehaha Ave E & Arcade St,4,Yes,30,State - Trunk Highway,"11 y/o Pedestrian was crossing NB arcade in W x-walk with walk sign and green light.  Vehicle was SB Arcade, making right turn onto WB Minnehaha and struck pedestrian.  Vehicle fled.  Limited suspect info.",No,None,11,Male,St. Paul,55106,,,,,,Unknown,Unknown,Unknown,Yes,Suspected Minor Injury,No,,,,"(44.96305522, -93.06604123)",1
Bike,Yes,11/22/2017 08:55:00 AM,17-271275,Central District,Robert St S & Baker St,4,Stop Sign,30,State - Trunk Highway,Biker was NB Robert crossing baker when vehicle rolled through crosswalk and struck biker.,No,None,,,,,16,Male,St. Paul,55107,56,Male,Fridley,55432,,,,No,None,,"(44.92626723, -93.08074337)",1
Pedestrian,Yes,11/25/2017 04:20:00 PM,17-273436,Western District,University Ave W & Lexington,4,Yes,30,County - State Aid Highway,Pedestrian was crossing Lexington from NE corner on walk sign.  Vehicle was WB University making right turn to NB Lexington and struck pedestrian at low speed.,No,None,35,female,St. Paul,55104,,,,,29,Female,Brooklyn Park,55428,Yes,Possible Injury,No,,,,"(44.95578371, -93.14643771)",1
Bike,Yes,11/26/2017 12:10:00 AM,17-273797,Central District,7 St W & Grand Ave,4,Yes,30,State - Trunk Highway,"Hit and Run Crash: Biker was struck, vehicle fled.  Biker died on 12/7/2017.  Investigation located suspect and arrest has been made.",Yes,Driver,,,,,52,Male,St. Paul,55107,28,Male,St. Paul,55106,,,,Yes,FATAL,,"(44.94131893, -93.10670907)",1
Pedestrian,Yes,11/28/2017 07:00:00 PM,17-275670,Western District,Snelling Ave N & Taylor St,4,No,30,State - Trunk Highway,"Pedestrian was crossing in a marked crosswalk from E to W at Taylor.  Vehicles in left lane stopped, pedestrian started crossing.  Vehicle in right lane failed to yield.",Yes,Driver,7,Female,Minneapolis,55406,,,,,26,Male,St. Paul,55106,Yes,Suspected Minor Injury,Yes,,,,"(44.9676262, -93.16706158)",1
Pedestrian,Yes,12/01/2017 07:45:00 PM,17-278944,Central District,7 St W & Kellogg Blvd W,6,Yes,30,State - Trunk Highway,Pedestrian ran across the street without obeying traffic laws and was struck by vehicle.  Vehicle did not stop.,No,none,25,Male,Minneapolis,55403,,,,,,Unknown,Unknown,Unknown,Yes,Suspected Minor Injury,Yes,,,,"(44.94463683, -93.10291079)",1
Pedestrian,Yes,12/04/2017 06:45:00 PM,17-280383,Eastern District,Minnehaha Ave E & Kennard St,2,No,30,State - Trunk Highway,Pedestrian was crossing Minnehaha in E x-walk of Kennard.  Vehicle's right mirror struck pedestrian as it failed to yield and passed by.,No,None,27,Female,St. Paul,55106,,,,,,Unknown,Unknown,unknown,Yes,Suspected Minor Injury,Yes,,,,"(44.96310167, -93.0301031)",1
Pedestrian,Yes,12/09/2017 12:53:00 PM,17-283536,Eastern District,Arcade St & York St E,4,No,30,State - Trunk Highway,"Vehicle was SB on Arcade and struck a pedestrian near York.  Driver states that pedestrian was not in crosswalk.  Pedestrian unable to give statement.  Investigation continues, possible surveillance video.",No,None,14,Male,St. Paul,55106,,,,,19,Male,St. Paul,55106,Yes,Suspected Serious Injury,Yes,,,,"(44.96838744, -93.06601957)",1
Pedestrian,Yes,12/10/2017 06:45:00 PM,17-284280,Central District,Cesar Chavez St & Robert St S,4,Yes,30,State - Trunk Highway,"Driver NB Robert, was at red light then when green made a left turn onto Cesar Chavez and struck pedestrian who was legally crossing.  Driver cited.",Yes,Driver,17,Male,St. Paul,55106,,,,,35,Female,St. Paul,55107,Yes,Possible Injury,Yes,,,,"(44.93159286, -93.0808313)",1
Pedestrian,Yes,12/10/2017 06:54:00 PM,17-284293,Eastern District,Maryland Ave E & Hazelwod St,4,Yes,30,County - State Aid Highway,Pedestrian exited metro transit bus and then crossed roadway and was struck by vehicle.  Striking vehicle fled scene without stopping.  Investigation was unable to locate any more info or vehicle/driver.,No,None,23,Male,St. Paul,55119,,,,,,Unknown,Unknown,Unknown,Yes,Suspected Minor Injury,Yes,,,,"(44.979901, -93.035282)",1
Pedestrian,Yes,01/28/2018 03:11:00 PM,18-019385,Western District,University Ave W & Pascal St,4,Yes,30,County - State Aid Highway,Pedestrian was struck by Light Rail Train.  MTC Police handling the crash.  No further information.  Pedestrain was killed.,No,None,,Unknown,Unknown,Unknown,,,,,,Unknown,Unknown,Unknown,Yes,FATAL,Yes,,,,"(44.955612, -93.161903)",1
Bike,Yes,12/11/2017 07:03:00 AM,17-284521,Western District,Marshall Ave W & Mississippi River Blvd,4,No,30,County - State Aid Highway,"Driver and Biker were WB on Marshall from MRB.  Driver got too close to bike, causing bike to fall over.  Vehicle did not stop, limited suspect info.",No,None,,,,,37,Male,St. Paul,55104,,Unknown,Unknown,Unknown,,,,Yes,Suspected Minor Injury,,"(44.94841323, -93.20055928)",1
Pedestrian,Yes,12/11/2017 07:54:00 AM,17-284534,Eastern District,Arcade St & Ivy,4,Yes,30,State - Trunk Highway,"Vehicle was SB Arcade approaching Ivy.  Light turned yellow, then red.  Vehicle slowed, but due to ice and snow slid into cross walk and struck pedestrian. SRTS",No,None,17,Male,St. Paul,55106,,,,,30,Female,St. Paul,55106,Yes,Suspected Minor Injury,Yes,,,,"(44.98112438, -93.06606104)",1
Pedestrian,Yes,12/15/2017 09:10:00 PM,17-288098,Western District,Cretin Ave & Marshall,4,Yes,30,County - State Aid Highway,Vehicle was NB Cretin with green light.  Pedestrian ran across without looking and against signal.,No,None,18,Male,Bloomington,55420,,,,,25,Female,Minneapolis,55410,Yes,Suspected Minor Injury,Yes,,,,"(44.94846996, -93.19250316)",1
Pedestrian,Yes,12/19/2017 02:10:00 PM,17-290625,Western District,University Ave W & Berry St,4,Yes,30,County - State Aid Highway,"Vehicle was WB University with a green light.  Pedestrian darted into traffic from the north side of Uni, against a don't walk sign.  Vehicle struck ped.",No,None,47,Female,St. Paul,55101,,,,,67,Male,Falcon Heights,55113,Yes,Suspected Serious Injury,Yes,,,,"(44.96737, -93.206459)",1
Pedestrian,Yes,12/19/2017 06:04:00 PM,17-290793,Western District,Victoria St N & Concordia,2,Stop Sign,30,Municipal State Aid,"Vehicle was SB Victoria, made a left onto EB Concordia after stopping at stop sign.  Pedestrian was crossing in crosswalk and was struck.  Driver said they did not see the pedestrian.",No,None,47,Female,St. Paul,55104,,,,,33,Male,"New Richmond, WI",54017,Yes,Suspected Minor Injury,No,,,,"(44.9512481, -93.13635408)",1
Pedestrian,Yes,12/20/2017 12:52:00 PM,17-291338,Eastern District,5 St E & Mendota,2,No,30,City,"School bus stopped and people began to exit.  The bus began sliding.  Kids continued to exit, one got injured by the sliding bus when it pinned her between the bus and a pole.  Crash Response Officer processed the scene.  Bus was towed for a commercial vehicle inspection.",No,None,15,Female,Vadnais Heights,55109,,,,,27,Male,Brooklyn Center,55430,Yes,Suspected Serious Injury,Yes,,,,"(44.959607, -93.064694)",1
Pedestrian,Yes,12/21/2017 08:20:00 PM,17-292374,Western District,Marshall St W & Wheeler St N,3,No,30,County - State Aid Highway,"Pedestrian crossing in unmarked crosswalk (using a walker).  Vehicle was WB Marshall and did not see the pedestrian.  Investigation continues due to conflicting stories, but evidence at scene suggests driver is at fault.",No,None,72,Male,St. Paul,55104,,,,,22,Male,St. Paul,55104,Yes,Suspected Serious Injury,Yes,,,,"(44.94845408, -93.17576662)",1
Bike,Yes,12/23/2017 03:07:00 PM,17-293589,Western District,Randolph Ave & Cleveland Ave,2,Yes,30,County - State Aid Highway,"Vehicle was WB Randolph, making a left onto SB Cleveland.  Bike was EB Randolph going straight.  Driver turned left and struck biker.  Driver cited.",yes,Driver,,,,,57,Male,St. Paul,55105,48,Female,Mendota Heights,55118,,,,Yes,Possible Injury,,"(44.92696554, -93.18736565)",1
Bike,Yes,12/31/2017 12:20:00 AM,17-298423,Central District,Rice St & Rose Ave,2,Stop Sign,30,County - State Aid Highway,"Driver was WB Rose, making a right onto NB Rice.  Biker was SB on E sidewalk of Rice and crossed Rose in crosswalk.  Biker was struck by vehicle.",No,None,,,,,19,Female,St. Paul,55117,52,Male,St. Paul,55117,,,,Yes,Possible Injury,,"(44.97645205, -93.10588038)",1
Pedestrian,Yes,12/31/2017 05:37:00 PM,17-298590,Central District,Broadway St N & 5 St E,3,No,30,municipal State Aid,Driver was backing into a parking spot on Broadway.  Pedestrian was crossing mid-block and was struck by vehicle.,No,None,59,Female,Alexandria,56308,,,,,31,Male,Minneapolis,55407,Yes,Possible Injury,Yes,,,,"(44.95056756, -93.08549334)",1
Pedestrian,Yes,01/03/2018 08:30:00 AM,18-001629,Western District,University Ave W & Snelling Ave N,6,Yes,30,County - State Aid Highway,Pedestrian was crossin NB on E side of Snelling with right of way.  Vehicle was WB making right to NB Snelling without slowing/stopping and struck pedestrian.  Vehicle fled the scene.,No,None,21,Female,Minneapolis,55412,,,,,,Unknown,Unknown,Unknown,Yes,Suspected Minor Injury,No,,,,"(44.95574611, -93.16690299)",1
Pedestrian,Yes,01/03/2018 05:12:00 PM,18-001675,Central District,Ramsey St & Sherman (325 Sherman),0,No,10,Private,"Vehicle was backed into a parking spot in the parking lot of 325 Sherman Street. Pedestrian was walking toward Vehicle when Vehicle slowly started to drive forward out of the parking spot. Vehicle started to turn left out of the parking lot when it accelerated quickly causing the rear of the vehicle to slip on the snow covered parking lot. Vehicle's rear passenger side struck the pedestrian causing minor scrapes and bruises to the pedestrians left knee. This caused the pedestrian to fall and Vehicle ran over her left foot. Vehicle hit the brakes once and then sped off. Pedestrian was transported by medic #8 (run #417) to United Hospital.  This case was presented for domestic assault charges, which were declined. Investigation continues for possilbe other charges relating to driving conduct.",No,None,24,Female,St. Paul,55102,,,,,38,Male,Columbia Heights,55421,Yes,Suspected Minor Injury,Yes,,,,"(44.94111067, -93.10549681)",1
Pedestrian,Yes,01/29/2018 07:26:00 AM,18-019722,Western District,Dayton Ave & Lexington Pkwy,4,No,30,County - State Aid Highway,Driver looked down to plug the phone into his vehicle and struck a pedestrian.  Driver cited for failure to drive with due care.,Yes,Driver,17,Male,St. Paul,55104,,,,,40,Male,St. Paul,55104,Yes,Suspected Minor Injury,Yes,,,,"(44.9471586, -93.1464359)",1
Pedestrian,Yes,01/03/2018 05:15:00 PM,18-001676,Eastern District,White Bear Ave N & Hoyt Ave E (1546 White Bear),0,No,10,Private,"Occurred in the parking lot of 1546 White Bear.  Vehicle was stopped so that pedestrian could put groceries into vehicle.  Another vehicle was backing out of a parking spot and struck the pedestrian and the stopped vehicle, pinning the pedestrian between the 2 cars.  Driver cited for failure to drive with due care.",Yes,Driver,52,Female,St. Paul,55106,,,,,50,Female,Maplewood,55109,Yes,Suspected Serious Injury,Yes,,,,"(44.987909, -93.024877)",1
Pedestrian,Yes,01/08/2018 04:35:00 PM,18-005175,Eastern District,Idaho Ave E & Germain St,2,No,30,City,"Pedestrian was stopped at the corner of Germain and Idaho. One of her dogs pulled on the leash, which caused her to fall to the ground. As the pedestrian stood up in the interesction, she was hit by Vehicle #1, most likely traveling eastbound. The pedestrian was knocked to the ground again and lost consciousness. She had visible injuries to her hand and leg, but declined medical attention. Vehicle #1 fled the accident scene.",No,None,32,Female,St. Paul,55106,,,,,,Unknown,Unknown,Unknown,Yes,Possible Injury,No,,,,"(44.99016163, -93.03301722)",1
Pedestrian,Yes,01/09/2018 11:56:00 AM,18-005687,Central District,12 St E & Robert St N,4,Yes,30,State - Trunk Highway,"Driver was WB on 12th Street, making a left turn onto SB Robert.  Pedestrian was crossing Robert St WB in crosswalk with a walk signal.  Witness confirmed. Driver turned left and struck pedestrian.  Driver said he did not see the pedestrian.  Pedestrian sustained a concussion and was disoriented.",Yes,Driver,55,Male,Blaine,55449,,,,,72,Female,St. Paul,55117,Yes,Suspected Minor Injury,Yes,,,,"(44.95300749, -93.09623063)",1
Pedestrian,Yes,01/10/2018 06:45:00 AM,18-006203,Central District,Jackson St & Rose,2,Yes,30,City,"Pedestrian was crossing Rose SB on E side of Jackson.  Vehicle was SB Jackson and turned right onto EB Rose, striking the pedestrian.",No,None,50,Male,Richfield,55423,,,,,65,Female,St. Paul,55106,Yes,Possible Injury,Yes,,,,"(44.97651944, -93.09639925)",1
Bike,Yes,01/10/2018 02:54:00 PM,18-006536,Central District,Kellogg Bd E & Minnesota St,6,Yes,30,Municiapl State Aid,Biker crossed Kellogg against red light and was struck by vehicle.,No,None,,,,,18,Male,St. Paul,55119,49,Male,Lake Elmo,55042,,,,Yes,Suspected Minor Injury,Yes,"(44.94529525, -93.09042234)",1
Pedestrian,Yes,01/12/2018 08:40:00 AM,18-007705,Central District,John Ireland Blvd & Kellogg,4,Yes,30,Municiapl State Aid,"Pedestrian was struck by a vehicle.  Driver, pedestrian and witnesses all gave conflicting stories of what happened.",No,None,34,Male,St. Paul,55117,,,,,28,Male,West St. Paul,55118,Yes,Suspected Minor Injury,Yes,,,,"(44.94878381, -93.10706378)",1
Pedestrian,Yes,01/13/2018 10:11:00 AM,18-008482,Western District,Dale St N & Concordia,4,Yes,30,County - State Aid Highway,"Pedestrian was SB Dale on E side of roadway and crossing Concordia.  Vehicle was WB Dale making a left turn onto EB Concordia.  Conflicting story regarding who had right of way, no independent witnesses.",No,None,70,Male,St. Paul,55106,,,,,29,Male,St. Paul,55104,Yes,Suspected Minor Injury,Yes,,,,"(44.95130609, -93.12616318)",1
Pedestrian,Yes,01/13/2018 05:14:00 PM,18-008682,Eastern District,Earl St & Maryland Ave,2,Yes,30,Municiapl State Aid,Pedestrian in a wheelchair was crossing Earl with right of way.  Driver turned right from EB to SB and did not see the pedestrian.,Yes,Driver,46,Female,Minneapolis,55418,,,,,38,Female,St. Paul,55130,Yes,Possible Injury,Yes,,,,"(44.97747145, -93.05580183)",1
Bike,Yes,01/17/2018 03:33:00 PM,18-011271,Eastern District,6 St E & Wall St,2,Yes,30,Municiapl State Aid,Biker was going SB on Wall.  Driver turn onto 6th Street in front of biker and struck the biker.  Driver cited for unsafe change of course.,Yes,Driver,,,,,16,Male,"Houlton, WI",54082,63,Male,Forest Lake,55025,,,,Yes,Suspected Minor Injury,Yes,"(44.95059528, -93.08663378)",1
Pedestrian,Yes,01/18/2018 08:18:00 AM,18-011752,Western District,Finn St S & Ford Pkwy,2,No,30,City,"Pedestrian was struck by a vehicle that was leaving the parking lot at this location.  Police were not called to the scene, report made at a later time.",No,None,55,Female,St. Paul,55104,,,,,61,Male,Cottage Grove,55016,Yes,Possible Injury,Yes,,,,"(44.91791767, -93.18988024)",1
Pedestrian,Yes,01/19/2018 01:05:00 PM,18-012699,Western District,Dale St N & Minnehaha Ave W,4,Yes,30,County - State Aid Highway,Pedestrian was crossing Minnehaha on NB Dale (W side of street).  Vehicle was SB Dale making right onto WB Minnehaha and struck the pedestrian who was crossing with right of way.  Driver was cited for failure to yield to pedestrian.,Yes,Driver,56,Male,St. Paul,55104,,,,,43,Female,St. Paul,55103,Yes,Suspected Minor Injury,No,,,,"(44.962954, -93.12639)",1
Pedestrian,Yes,01/21/2018 09:45:00 PM,18-014273,Western District,Fuller Ave & Marion St,4,No,30,County - State Aid Highway,Pedestrians were crossing midblock and failed to yield to motor vehicle that struck them.  Pedestrians claimed they had a signal to cross (which they did not).  Pedestrians were both cited for illegal crossing.,Yes,Pedestrian,25,Female,St. Paul,55103,,,,,44,Female,St. Paul,55103,Yes,Possible Injury,No,,,,"(44.9528952, -93.10981521)",1
Ped2,,01/21/2018 09:45:01 PM,18-014273,,,,,,,"Stats for above crash, adding ped 2",,Pedestrian,62,Male,St. Paul,55103,,,,,,,,,Yes,Possible Injury,No,,,,,1
Pedestrian,Yes,01/26/2018 07:35:00 PM,18-018234,Western District,Hamline Ave S & James St,2,No,30,Municiapl State Aid,Pedestrian was walking NB in street (due to snowy sidewalks) and was struck by unknown brown vehicle that fled the scene.,No,None,46,Female,St. Paul,55105,,,,,,Unknown,Unknown,Unknown,Yes,Suspected Serious Injury,Yes,,,,"(44.92786488, -93.1568208)",1
Pedestrian,Yes,01/29/2018 10:47:00 AM,18-019826,Central District,Maryland Ave W & Rice St,4,Yes,30,County - State Aid Highway,"Driver was SB Rice and made a left to go EB Maryland, striking a pedestrian that was legally crossing the street in the crosswalk.  The driver was cited for failure to yield to a pedestrian.",Yes,Driver,50,Male,St. Paul,55117,,,,,43,Male,St. Paul,55119,Yes,Suspected Minor Injury,Yes,,,,"(44.97741694, -93.10589558)",1
Pedestrian,Yes,01/29/2018 06:30:00 PM,18-020126,Eastern District,Reaney Ave & Ruth,2,No,30,Municiapl State Aid,"Driver stopped at a stop sign, then drove into a pedestrian that was crossing the street.",No,None,26,Male,Minneapolis,55419,,,,,70,Female,St. Paul,55119,No,None,No,,,,"(44.96397005, -93.01513372)",1
Pedestrian,Yes,01/30/2018 06:44:00 PM,18-020943,Central District,Plato Bd & Wabasha,4,Yes,30,County - State Aid Highway,Driver turning from EB Plato to NB Wabasha struck pedestrian.  Pedestrian had the right of way.  Driver cited.,Yes,Driver,48,Male,St. Paul,55107,,,,,18,Male,St. Paul,55117,No,None,No,,,,"(44.93753445, -93.08795549)",1
Pedestrian,Yes,01/30/2018 07:00:00 PM,18-020949,Central District,14th St & Jackson St,5,Yes,30,Municiapl State Aid,Pedestrian was struck by a vehicle while crossing the street.  Pedestrian walked to hosptial and was treated/reelased prior to the officers arriving.,No,None,25,Female,Minneapolis,55415,,,,,70,Male,Shakopee,55075,Yes,Suspected Minor Injury,Yes,,,,"(44.95514214, -93.09646229)",1
Pedestrian,Yes,02/01/2018 08:28:00 AM,18-022073,Central District,Dorothy Day Pl & Old 6th St,4,Yes,30,Municiapl State Aid,"Driver made an illegal right turn on red, striking a male pedestrian crossing in the crosswalk.  Male was in a wheelchair.",Yes,Driver,65,Male,St. Paul,55102,,,,,40,Male,Hopkins,55343,Yes,Suspected Serious Injury,Yes,,,,"(44.94660481, -93.10222341)",1
Pedestrian,Yes,02/01/2018 03:31:00 PM,18-022427,Central District,Jackson St & Kellogg Bd,4,Yes,30,Municiapl State Aid,Pedestrian was crossing the street in the crosswalk when a vehicle struck the pedestrian while making a right turn.  There were conflicting stories of what happened and who had the right of way.,No,None,55,Male,St. Paul,55117,,,,,57,Female,Fridley,55432,Yes,Suspected Minor Injury,Yes,,,,"(44.94652609, -93.08807641)",1
Pedestrian,Yes,02/01/2018 06:20:00 PM,18-022623,Eastern District,Arcade St & Maryland Ave,4,Yes,30,State - Trunk Highway,Vehicle was SB Arcade near Maryland when pedestrian illegally entered roadway and was struck.  Witnesses confirmed that pedestrian shouldn't have entered roadway.,No,None,26,Male,St. Paul,55102,,,,,33,Male,St. Paul,55117,Yes,Possible Injury,No,,,,"(44.97752318, -93.06600657)",1
Pedestrian,Yes,02/02/2018 05:52:00 PM,18-023336,Central District,Rice St & Wheelock,2,No,30,City,Pedestrian was struck by a vehicle as he crossed the street.  Witness said the driver had been s lowing and should have been able to avoid a crash if he was paying attention.  Driver admitted not seeing the pedestrian until after the crash.  Driver cited for failure to drive with due care.,Yes,Driver,12,Female,St. Paul,55117,,,,,48,Male,St. Paul,55106,No,None,No,,,,"(44.99002133, -93.10583823)",1