Crash Type,Report Made?,Date / Time,Case Number,District,Crash Location,Lanes Of Traffic,Signal Present?,Speed Limit Of Road (MPH),Road Type,Synopsis,Ticket/Arrest?,Citation To,Pedestrian Age,Pedestrian Gender,Pedestrian City Of Residence,Pedestrian Zip Code,Biker Age,Biker Gender,Biker City of Residence,Biker Zip Code,Driver Age,Driver Gender,Driver City Of Residence,Driver Zip Code,Injury to Pedestrian?,Level of Injury to Pedestrian,Pedestrian to Hospital?,Injury to Biker?,Level of Injury to Biker,Biker to Hospital?,Crash Lat/Long Location,Count
Pedestrian,Yes,02/03/2018 04:35:00 PM,18-0239989,Western District,Hamline Ave N & St. Anthony Ave,4,Yes,30,Municiapl State Aid,Pedestrian was walking SB on W side of hamline crossing St. Anthony when vehicle was SB making right turn to WB St. Anthony struck the pedestrian and fled.  Driver was described as an older white male.,No,None,16,Female,Minneapolis,55418,,,,,,Male,Unknown,Unknown,Yes,Suspected Minor Injury,Yes,,,,"(44.95225432, -93.15688721)",1
Pedestrian,Yes,02/07/2018 03:13:00 PM,18-026935,Western District,University Ave W & Albert St N,4,No,30,County - State Aid Highway,"Vehicle was EB University in the outside lane, the traffic on the inside lane stopped.  Driver failed to stop for the pedestrian and struck the ped at low speed.  Driver cited.  (Multiple Threat Crash)",Yes,Driver,70,Male,St. Paul,55106,,,,,38,Male,St. Paul,55104,Yes,Possible Injury,No,,,,"(44.95552818, -93.15939853)",1
Pedestrian,Yes,02/09/2018 01:25:00 PM,18-028520,Eastern District,Maryland Ave E & Bradley St,2,No,30,City,"Pedestran was running away from police on foot.  Pedestrian ran across the street in front of an unlrelated vehicle.  Pedestrian was struck by the vehicle, but continued to run.",No,None,30,Male,Pine City,55063,,,,,60,Male,Maplewood,55109,No,None,No,,,,"(44.977397, -93.078607)",1
Pedestrian,Yes,02/09/2018 03:28:00 PM,18-028599,Central District,Arlington Ave W & Rice St N,2,Yes,30,Municiapl State Aid,Driver was WB Arlington with green light.  Juvenile ran NB across Arlington against signal and ran into the side of the vehicle.  SRTS.,No,None,11,Female,St. Paul,55106,,,,,71,Male,St. Paul,55117,Yes,Suspected Minor Injury,No,,,,"(44.98458252, -93.10582822)",1
Pedestrian,Yes,02/10/2018 08:24:00 PM,18-029460,Eastern District,Minnehaha Ave E & Barclay St,4,No,30,State - Trunk Highway,Vehicle was WB on Minnehaha and struck a parked vehicle.  The parked vehicle then went onto the sidewalk and struck a pedestrian.,Yes,Driver,28,Female,St. Paul,55106,,,,,49,Female,St. Paul,55106,Yes,Suspected Minor Injury,Yes,,,,"(44.96320699, -93.03849367)",1
Pedestrian,Yes,02/11/2018 02:29:00 PM,18-029869,Western District,Cleveland Ave S & Ford Pkwy,4,Yes,30,County - State Aid Highway,"Pedestrian stepped out from between cars and walked into the side of a vehicle that was NB on Cleveland south of Ford.  The driver swerved to avoid the crash, but the right mirror struck the pedestrian.",No,None,16,Female,Minneapolis,55406,,,,,49,Male,St. Paul,555116,Yes,Suspected Minor Injury,Yes,,,,"(44.91746734, -93.18715677)",1
Pedestrian,Yes,02/13/2018 03:27:00 PM,18-031315,Western District,Snelling Ave N & Spruce Tree,5,Yes,30,State - Trunk Highway,VEHICLE #1 WAS DRIVING WEST ON SPRUCE TREE MAKING LEFT TURN TO SOUTHBOUND SNELLING ON A GREEN LIGHT. PEDESTRIAN #2 WAS WALKING EAST IN SOUTH CROSSWALK. VEHICLE #1 STRUCK PEDESTRIAN. SPFD MEDIC TRANSPORTED PEDESTRIAN TO REGIONS HOSPITAL WITH POSSIBLE INJURIES. DRIVER #1 SAID HE DIDN'T SEE PEDESTRIAN IN CROSSWALK DUE TO SUN. DRIVER #1 WAS ISSUED CITATION #620906236166 FOR FAIL TO YIELD TO PEDESTRIAN IN CROSSWALK.,Yes,Driver,56,Male,St. Paul,55101,,,,,32,Male,Cottage Grove,55016,Yes,Suspected Minor Injury,Yes,,,,"(44.954783, -93.166921)",1
Pedestrian,Yes,02/13/2018 04:01:00 PM,18-031334,Western District,University Ave W (1420) & Pascal St,Parking Lot,No,10,Private,Driver struck 2 pedestrians while driving through the parking lot of the Dollar Tree at 1420 University.  Driver claimed that the sun temporarily blinded him.,No,None,61,Female,St. Paul,55104,,,,,33,Male,St. Paul,55104,Yes,Suspected Minor Injury,No,,,,"(44.95549518, -93.15915021)",1
Ped2,,02/13/2018 04:01:01 PM,18-031334,,,,,,,2nd pedestrian from this crash,,,53,Female,St. Paul,55104,,,,,,,,,Yes,Suspected Minor Injury,No,,,,,1
Pedestrian,Yes,02/14/2018 02:13:00 PM,18-032050,Western District,Hamline Ave N & St. Anthony Ave,3,Yes,30,Municiapl State Aid,Driver of a stolen car was fleeing from police and struck another car and a pedestrian at this location.,Yes,Driver,58,Male,St. Paul,55101,,,,,,Unknown,Unknown,Unknown,No,None,No,,,,"(44.95216863, -93.15684673)",1
Bike,Yes,02/15/2018 04:52:00 PM,18-033040,Western District,Prior Av N & St. Anthony Ave,2,Stop Sign,30,Municiapl State Aid,Unit one traveling westbound on St. Anthony Avenue on a bicycle. Unit two traveling northbound on Prior Avenue. Unit one collided with unit two. Unit one transported to Regions Hospital for treatment. No independent witnesses to the crash. No citations issued to the driver of unit two at this time,No,None,,,,,49,Male,St. Paul,55103,25,Male,St. Paul,55104,,,,Yes,Suspected Serious Injury,Yes,"(44.9540077, -93.18229097)",1
Pedestrian,Yes,02/17/2018 06:17:00 PM,18-034637,Western District,Marion St & Ravoux St,4,No,30,County - State Aid Highway,"Witness vehicle #1 was SB on Marion in left (inside) lane, and stopped for pedestrian in crosswalk.  Pedestrian was crossing in marked crosswalk.  Suspect driver #2 SB marion in right (outside) lane failed to stop, passing the stopped car and striking the pedestrian.  Striking vehicle fled, but was later located by police. Driver was imparied and was arrested, .14 BAC.",Yes,Driver,63,Male,St. Paul,55103,,,,,53,Male,Minneapolis,55412,Yes,Suspected Minor Injury,Yes,,,,"(44.95222711, -93.10995817)",1
Pedestrian,Yes,02/21/2018 03:22:00 PM,18-037188,Central District,Page St E (279) & Harvard,2,No,30,City,Vehicle backing out of driveway struck 6 y/o child that was walking on sidewalk.,No,None,6,Male,St. Paul,55107,,,,,55,Male,St. Paul,55107,Yes,Suspected Minor Injury,Yes,,,,"(44.92489936, -93.07594719)",1
Bike,Yes,03/02/2018 06:35:00 PM,18-044007,Western District,Summit Ave & St. Albans,2,No,30,Municiapl State Aid,Driver SB St. Albans making left to EB Summit struck biker in bike lane.,Yes,Driver,,,,,69,Male,St. Paul,55103,22,Male,Woodbury,55125,,,,Yes,Possible Injury,No,"(44.94137136, -93.12878129)",1
Pedestrian,Yes,03/03/2018 02:34:00 PM,18-044549,Western District,Dale St N & University Ave W,4,Yes,30,County - State Aid Highway,Witnesses and driver stated 13 y/o ran into street and was struck by vehicle,No,None,13,Male,St. Paul,55104,,,,,56,Male,St. Paul,55119,Yes,Possible Injury,No,,,,"(44.95559333, -93.12635765)",1
Pedestrian,Yes,03/07/2018 06:44:00 PM,18-047677,Central District,George St W & Stryker,2,No,30,Municiapl State Aid,"The driver was driving northbound on Stryker Ave. towards George St. West. Driver said that he heard a ""thump, thump"" on the right side of the car. Driver stopped right away, looked in his rearview mirror and saw someone fall over. The pedestrian had been hit by the passenger side mirror.",No,None,88,Male,St. Paul,55107,,,,,60,Male,Inver Grove Heights,55076,Yes,Suspected Minor Injury,Yes,,,,"(44.92972846, -93.08811793)",1
Pedestrian,Yes,03/09/2018 03:22:00 PM,18-049007,Central District,Exchange St & Chestnut,2,Yes,30,Municiapl State Aid,"Driver was NB Chestnut, making left turn to WB Exchange with a green light.  Vehicle waited for traffic and then turned.  Ped was walking SB in W x-walk with walk sign and was struck by turning vehicle.",Yes,Driver,15,Female,St. Paul,55101,,,,,63,Male,Stillwater,55082,Yes,Suspected Minor Injury,Yes,,,,"(44.94248468, -93.10266549)",1
Pedestrian,Yes,03/10/2018 04:25:00 PM,18-049752,Central District,Page St E (227) & Harvard St,2,No,30,City,4 y/o darted out into street between cars and was struck.,No,None,4,Female,St. Paul,55107,,,,,54,Male,St. Paul,55107,Yes,Possible Injury,Yes,,,,"(44.92489045, -93.0774458)",1
Pedestrian,Yes,03/13/2018 04:20:00 PM,18-052067,Eastern District,Arcade St & Maryland Ave,0,No,10,Private,"Vehicle was NB in parkinglot, exiting to Maryland.  Pedestrian was on South sidewalk.  Driver struck pedestrian.",No,None,63,Male,Maplewood,55119,,,,,38,Male,St. Paul,55130,No,None,No,,,,"(44.97750885, -93.0660636)",1
Pedestrian,Yes,03/14/2018 02:48:00 PM,18-052762,Western District,Minnehaha Ave W & Milton St N,2,No,30,Municiapl State Aid,Police officer was on foot and chasing a suspect when struck by an uninvolved motor vehicle.,No,None,42,Male,St. Paul,55101,,,,,34,Male,St. Paul,55104,Yes,Possible Injury,Yes,,,,"(44.96294454, -93.13798157)",1
Bike,Yes,07/23/2018 07:12:00 PM,18-164242,Central District,Rice & Larpenteur,Parking Lot,No,10,Private,driver exiting parking lot struck biker on the sidewalk,Yes,Driver,,,,,54,Male,Forest Lake,55025,11,Male,St. Paul,55117,,,,Yes,Possible Injury,No,"(44.99181005, -93.10581802)",1
Pedestrian,Yes,03/16/2018 11:20:00 PM,18-054687,Western District,Jessamine Ave W & Beulah Ln,2,No,30,City,Driver was WB on Jessamine and struck pedestrian who was walking WB in the roadway.  Case is still being actively investigated.,No,None,26,Male,Minneapolis,55419,,,,,29,Male,Bloomington,55425,Yes,Suspected Serious Injury,Yes,,,,"(44.97383217, -93.15061088)",1
Pedestrian,Yes,03/20/2018 04:40:00 PM,18-057413,Eastern District,Arkwright St & Cayuga,4,Yes,30,Municiapl State Aid,Driver was SB Arkwright to EB Cayuga.  Pedestrian was crossing in the crosswalk.,No,None,14,Male,Woodbury,55125,,,,,42,Female,Rosemount,55068,Yes,Suspected Minor Injury,No,,,,"(44.96573379, -93.08428122)",1
Pedestrian,Yes,03/21/2018 07:19:00 PM,18-058458,Western District,Albert St N & University Ave W,4,No,30,County - State Aid Highway,"Pedestrian was crossing University at Albert.  One vehicle stopped, but the other did not, striking the pedestrian. Vehicle fled the scene.",No,None,88,Male,St. Paul,55107,,,,,,Unknown,Unknown,Unknown,Yes,Suspected Minor Injury,Yes,,,,"(44.95579491, -93.15941939)",1
Pedestrian,Yes,03/22/2018 10:46:00 PM,18-059353,Western District,Hwy 280 & Como Ave,3,No,30,Municiapl State Aid,Pedestrian was crossing Como underneath Hwy 280.  Unknown vehicle struck pedestrain and fled.  Limited description given.  Case is open for investigation.,No,None,26,Male,Cambridge,55008,,,,,,Unknown,Unknown,Unknown,Yes,Suspected Minor Injury,Yes,,,,"(44.98792905, -93.20429875)",1
Pedestrian,Yes,04/02/2018 11:25:00 PM,18-067110,Western District,Concordia Ave & Lexington Pkwy N,4,Yes,30,Municiapl State Aid,"Snow and icy conditions.  Driver on Concordia approaching Lexington, observed people on the right shoulder, tried to slow down but lost control of car.  Driver pinned pedestrian between 2 vehicles.  Driver cited for failure to drive with due care.",Yes,Driver,18,Male,St. Paul,55104,,,,,46,Female,St. Paul,55103,Yes,Suspected Minor Injury,Yes,,,,"(44.95118843, -93.14707673)",1
Pedestrian,Yes,04/08/2018 12:10:00 AM,18-071226,Western District,1412 Carling Drive,0,No,10,Private,Vehicle was parked in driveway of apartment building to let a passenger out.  When the person got out the driver started moving and caused the pedestrian to fall under the vehicle and get run over.,No,None,27,Male,St. Paul,55108,,,,,25,Male,Inver Grove Heights,55076,Yes,Suspected Minor Injury,No,,,,"(44.97297616, -93.15835969)",1
Pedestrian,Yes,04/09/2018 07:37:00 AM,18-071865,Western District,Cretin Ave N & Marshall Ave,3,Yes,30,County - State Aid Highway,Unit one was traveling westbound on Marshall Avenue and was turning right on a green light towards Cretin Avenue North and hit unit two while unit two was walking from the northeast corner of the intersection to the northwest corner of the intersection in a marked crosswalk and unit two had a walk signal. No apparent injuries reported on scene.,No,None,44,Male,St. Paul,55104,,,,,19,Female,Apple Valley,55124,No,None,No,,,,"(44.94843187, -93.19249632)",1
Pedestrian,Yes,04/09/2018 08:45:00 AM,18-071925,Eastern District,Arcade St & Case Ave,3,Yes,30,County - State Aid Highway,"SRTS.
Pedestrain was crossing Arcade with a walk signal.  Vehicle failed to stop for red light and struck pedestrian.  Vehicle fled scene.  Pedestrian was walking to school.",No,None,14,Female,St. Paul,55106,,,,,,Unknown,Unknown,Unknown,Yes,Suspected Minor Injury,Yes,,,,"(44.97036126, -93.0658675)",1
Pedestrian,Yes,04/11/2018 04:45:00 PM,18-0073931,Central District,7 Pl E & Jackson St,2,Yes,30,Municiapl State Aid,"Pedestrian was crossing Jackson when vehicle made left turn from WB 7th Place to SB Jackson and struck the pedestrian, who was in crosswalk with walk sign.  Driver cited for failure to yield to pedestrian in crosswalk and inattentive driving.",Yes,Driver,28,Female,Stacy,55079,,,,,64,Male,Eagan,55123,Yes,Suspected Minor Injury,No,,,,"(44.94970639, -93.09099275)",1
Pedestrian,Yes,04/12/2018 04:20:00 PM,18-074738,Central District,5 St E & Robert St N,3,Yes,30,State - Trunk Highway,"Driver was EB 5th, making left onto NB Robert.  Ped was crossing Robert in north crosswalk with the signal and walk sign.  Driver struck pedestrian.  Driver cited for failure to yield to pedestrian in crosswalk.",Yes,Driver,55,Female,Oakdale,55128,,,,,31,Male,St. Paul,55104,Yes,Possible Injury,Yes,,,,"(44.94745752, -93.09092212)",1
Pedestrian,Yes,04/14/2018 08:34:00 PM,18-079354,Eastern District,Maryland Ave E & Duluth St,3,No,10,Private,Pedestrian was in the driveway of 1171 Maryland Ave E when struck by a vehicle.  The vehicle did not stop and fled prior to police arriving.,No,None,63,Female,Minneapolis,55409,,,,,,Unknown,Unknown,Unknown,Yes,Suspected Minor Injury,Yes,,,,"(44.97765721, -93.05075167)",1
Pedestrian,Yes,04/16/2018 10:50:00 AM,18-077297,Central District,7 St E & Lafayette Rd,4,Yes,30,State - Trunk Highway,Driver of Semi making a right turn to NB Lafayette from WB 7th.  The pedestrian walked into the rear passenger side tires of the trailer.,No,None,21,Male,St. Paul,55104,,,,,29,Male,South St. Paul,55075,Yes,Suspected Minor Injury,Yes,,,,"(44.95346765, -93.08351525)",1
Pedestrian,Yes,04/17/2018 07:40:00 PM,18-078469,Western District,Vandalia Ave & Wabash Ave,5,No,30,Municiapl State Aid,"Driver was NB on Vandalia approaching Wabash.  Vehicle in right lane slowed and stopped for a pedestrian in the crosswalk.  Driver moved to the left lane to pass the stopped vehicle, and did not see or check for a pedestrian.  Driver struck the pedestrian causing signifigant injury.  Driver did not have insurance.  Driver cited for no insurance and fail to yield to pedestrian.",Yes,Driver,23,Female,St. Paul,55105,,,,,35,Female,South St. Paul,55075,Yes,Suspected Minor Injury,Yes,,,,"(44.95877342, -93.19116893)",1
Pedestrian,Yes,04/18/2018 12:35:00 PM,18-079077,Western District,Pascal St N & St. Anthony Ave,0,No,10,Private,Pedestrian is a police officer and was running after a suspect when she was struck by a vehicle (a police squad car).  Minor injury to hand and feet.,No,None,44,Female,St. Paul,55101,,,,,60,Male,St. Paul,55101,Yes,Possible Injury,Yes,,,,"(44.952181, -93.159441)",1
Pedestrian,Yes,04/21/2018 10:50:00 PM,18-081974,Western District,7 St W & St. Paul Ave,4,No,40,State - Trunk Highway,Pedestrian was crossing St. Paul Ave near 7th Street (in a crosswalk).  Driver making left turn struck pedestrian.  Driver cited.,Yes,Driver,41,Female,Woodbury,55125,,,,,29,Male,St. Paul,55104,Yes,Possible Injury,No,,,,"(44.90414841, -93.16588225)",1
Pedestrian,Yes,04/22/2018 05:15:00 PM,18-082487,Central District,Rice St & Maryland Ave W,0,No,10,Private,Vehicle was driving in the parking lot and struck a pedestrian.  Vehicle fled scne.,No,None,36,Male,St. Paul,55106,,,,,,Unknown,Unknown,Unknown,No,None,No,,,,"(44.97741813, -93.10590845)",1
Bike,Yes,04/23/2018 06:46:00 PM,18-083286,Central District,Galtier St & Thomas Ave,2,No,30,City,"Biker was WB Thomas.  Drive was EB, making left to NB Galtier and failed to yield, striking the bike.  Driver fled scene.",No,None,,,,,20,Male,St. Paul,55103,,Unknown,Unknown,Unknown,,,,Yes,Suspected Minor Injury,No,"(44.95946336, -93.1106395)",1
Pedestrian,Yes,04/26/2018 08:30:00 AM,18-085468,Central District,Charlton St & Morton,2,No,30,City,Driver was driving SB on Charlton.  Pedestrian ran out from side of roadway.  Driver struck pedestrian.,No,None,5,Male,St. Paul,55107,,,,,18,Male,Cottage Grove,55016,Yes,Suspected Minor Injury,Yes,,,,"(44.92539218, -93.0960845)",1
Pedestrian,Yes,04/29/2018 03:25:00 PM,18-088108,Western District,Como Ave & Lexington Pkwy,2,No,30,City,"Pedestrian was crossing Como Ave, W of Lexington when struck by a moped.  Vehicle had the right of way.",No,None,24,Male,West St. Paul,55118,,,,,40,Male,Minneapolis,55419,Yes,Possible Injury,Yes,,,,"(44.9775112, -93.14941246)",1
Bike,Yes,05/03/2018 04:40:00 PM,18-091880,Central District,Victoria St S & Monroe Ct,2,Stop Sign,30,Municiapl State Aid,Driver was SB on Victoria.  Bike was EB Monroe and failed to stop for a stop sign.  Driver struck bike.,No,None,,,,,10,Male,St. Paul,55102,56,Male,Rosemount,55068,,,,Yes,Suspected Minor Injury,Yes,"(44.92960602, -93.1363728)",1
Pedestrian,Yes,05/03/2018 04:51:00 PM,18-091885,Western District,Snelling Ave N & Shields Ave,2,Stop Sign,30,City,"Driver was EB on Shields, making a right turn to SB Snelling.  Pedestrian crossing in crosswalk.  Driver was looking left and started driving, bumping the pedestrian.",No,None,50,Male,St. Paul,55104,,,,,38,Male,Minneapolis,55414,No,None,No,,,,"(44.95399257, -93.16727695)",1
Pedestrian,Yes,05/04/2018 12:10:00 PM,18-092650,Central District,7 St W & St. Peter St,5,Yes,30,State - Trunk Highway,Driver was WB on 7th at St. Peter with green light.  Pedestrian crossing 7th st against red light.  Driver struck pedestrian.  Driver did not have a driver's license and was cited.,Yes,Driver,56,Male,St. Paul,55104,,,,,72,Male,St. Paul,55107,Yes,Suspected Minor Injury,Yes,,,,"(44.94767129, -93.09830117)",1
Bike,Yes,05/04/2018 04:10:00 PM,18-092867,Western District,Cleveland Ave N & Marshall Ave,2,No,30,County - State Aid Highway,Driver was traveling northbound on Cleveland Ave and was turning left into the alley between Marshall Ave and Iglehart Ave.  When driver made the left turn it struck the biker who was traveling southbound in the bike lane. Biker was transported to the hospital with non-life threatening injuries. No citations issued.,No,None,,,,,56,Male,St. Paul,55108,69,Female,St. Paul,55104,,,,Yes,Suspected Minor Injury,Yes,"(44.94864516, -93.18741235)",1
Pedestrian,Yes,05/05/2018 04:34:00 PM,18-093839,Western District,Jefferson & Edgcumbe Rd,2,No,30,Municiapl State Aid,"Driver was WB Jefferson and made a u-turn at Edgecumbe, striking 2 pedestrians that were in the crosswalk.  Driver cited for failure to yield to pedestrians.",Yes,Driver,41,Female,St. Paul,55116,,,,,71,Male,St. Paul,55105,No,None,No,,,,"(44.93042752, -93.14985363)",1
Ped2,,05/05/2018 04:34:01 PM,18-093839,,Jefferson & Edgcumbe Rd,,,,,2nd pedestrian from this crash,,,3,Female,St. Paul,55104,,,,,,,,,Yes,Possible Injury,Yes,,,,"(44.93042752, -93.14985363)",1
Bike,Yes,05/05/2018 10:10:00 PM,18-094086,Central District,5 St E & Wall St,3,Yes,30,Municiapl State Aid,"Driver was NB on Wall St with a green light.  Biker was WB on 5th and drove into car (against red light).  Biker fled, but was located and arrested for a warrant.",Yes,Biker,,,,,35,Male,St. Paul,55130,32,Female,Hudson (WI),54016,,,,No,None,No,"(44.94981959, -93.08586789)",1
Bike,Yes,05/06/2018 05:06:00 PM,18-094602,Central District,Arlington Ave E & Klainert st,2,Stop Sign,30,Municiapl State Aid,"Biker was SB Klainert, going down hill and failed to stop for a stop sign, striking vehicle.",No,None,,,,,8,Male,St. Paul,55117,31,Female,St. Paul,55106,,,,Yes,Suspected Minor Injury,Yes,"(44.98463216, -93.09112853)",1
Pedestrian,Yes,05/07/2018 05:00:00 PM,18-095740,Central District,Acker St E & Cortland Pl,0,No,10,Private,Driver backed out of a driveway and struck a pedestrian.,No,None,3,Male,St. Paul,55117,,,,,37,Female,Minneapolis,55407,Yes,Suspected Minor Injury,Yes,,,,"(44.96399703, -93.09589338)",1
Pedestrian,Yes,05/29/2018 10:05:00 PM,18-115147,Central District,Milton St S & Juno Ave,2,Stop Sign,30,City,Pedestrian was legally crossing in unmarked crosswalk.  Driver turned and struck pedestrian.  Driver fled.  Limited suspect information.,No,None,42,Female,Minneapolis,55411,,,,,,Unknown,Unknown,Unknown,Yes,Possible Injury,Yes,,,,"(44.92593088, -93.1388879)",1
Bike,Yes,05/09/2018 02:10:00 PM,18-097376,Western District,Snelling Ave N & Summit Ave,2,Yes,30,Municiapl State Aid,Squads responded to a crash at the intersection of Snelling Avenue and Summit Avenue. A school bus that was facing east on Summit Ave in the intersection in the left turn lane turning north crashed with a bicyclist heading west on Summit Avenue.  The cyclist impacted the front of the bus at an angle as the bus was in the process of turning northbound. The cyclist was pronounced dead by Saint Paul FD personnel.,No,None,,,,,75,Male,Minneapolis,55414,80,Male,St. Paul,55117,,,,Yes,FATAL,Yes,"(44.94147545, -93.16702932)",1
Bike,Yes,05/09/2018 07:38:00 PM,18-097637,Western District,Minnehaha Ave W & Griggs St,2,No,30,Municiapl State Aid,Vehicle was driving EB on Minnehaha.  Bike was EB on Minnehaha.  Driver turned on their signal and began parking on right.  Biker did no see this and drove into the vehicle.,No,None,,,,,23,Male,St. Paul,55104,65,Male,Inver Grove Heights,55077,,,,Yes,Suspected Minor Injury,Yes,"(44.9628017, -93.15274924)",1
Pedestrian,Yes,05/13/2018 01:50:00 PM,18-100848,Western District,University Ave W & Simpson St,0,No,10,Private,Pedestrian was walking in driveway of parking lot and struck at low speed by vehicle.  Driver stated he did not see the pedestrian.,No,None,73,Female,St. Paul,55101,,,,,51,Male,Maplewood,55117,Yes,Suspected Serious Injury,Yes,,,,"(44.95546738, -93.16618937)",1
Pedestrian,Yes,05/13/2018 03:15:00 PM,18-100900,Western District,University Ave W & Grotto St N,2,No,30,City,"Pedestrian was walking SB on W sidewalk of Grotto, just N of University.  Vehicle backed out of a parking spot and struck the pedestrian.  Driver told the pedestrian they would be back, but fled and did not return.  Possible suspect information, case is open for investigation.",No,None,57,Female,St. Paul,55106,,,,,,Male,Unknown,Unknown,Yes,Possible Injury,Yes,,,,"(44.95592355, -93.13142358)",1
Bike,Yes,05/15/2018 03:50:00 PM,18-102558,Western District,Snelling Ave N & Marshall St,0,No,10,Private,Driver was exiting Starbucks Paring lot.  Biker was riding on sidewalk.  Driver struck biker.,No,None,,,,,19,Female,St. Paul,55104,37,Female,Mahtomedi,55115,,,,Yes,Suspected Minor Injury,No,"(44.94830106, -93.16682883)",1
Pedestrian,Yes,05/18/2018 05:45:00 PM,18-105349,Central District,Pleasant Ave & Tuscarora Ave W,2,No,30,City,Driver backed out of a driveway and into 2 pedestrians who were standing there.  Driver cited for failure to drive with due care.,Yes,Driver,39,Male,Ferndale (WA),98248,,,,,67,Male,St. Paul,55102,No,None,No,,,,"(44.92304176, -93.14444931)",1
Ped2,,05/18/2018 05:45:01 PM,18-105349,,,,,,,2nd pedestrian from this crash,,,6,Female,Ferndale (WA),98248,,,,,,,,,No,None,No,,,,"(44.92304176, -93.14444931)",1
Bike,Yes,05/24/2018 05:50:00 PM,18-110842,Eastern District,Westminster & Sims Ave,2,No,30,Municiapl State Aid,"Driver was NB on Westminster, biker was EB on Sims.  Biker did not stop for stop sign and struck vehicle.",No,None,,,,,10,Male,St. Paul,55106,31,Male,St. Paul,55130,,,,Yes,Suspected Minor Injury,No,"(44.96911205, -93.08556786)",1
Pedestrian,Yes,05/25/2018 04:53:00 PM,18-111623,Eastern District,Burr St & Maryland Ave E,4,No,30,County - State Aid Highway,"Driver SB on Burr, making a left turn to EB Maryland.  Pedestrian crossing Maryland in E crosswalk.  Driver was looking right and making left turn, did not see the pedestrian.",Yes,Driver,38,Male,St. Paul,55106,,,,,32,Male,Hudson (WI),54016,Yes,Possible Injury,Yes,,,,"(44.9774, -93.07986208)",1
Pedestrian,Yes,05/26/2018 10:00:00 PM,18-112699,Western District,Western Ave N & Concordia,2,No,30,Municiapl State Aid,"Vehicle was SB on Western.  Pedestrian suddenly left the curb, mid-block, and was struck by vehicle.  Pedestrian cited for violation.",Yes,Pedestrian,69,Female,St. Paul,55104,,,,,23,Female,Maplewood,55109,Yes,Possible Injury,Yes,,,,"(44.95004678, -93.11616747)",1
Pedestrian,Yes,05/28/2018 10:22:00 PM,18-114241,Central District,Klainert & Biglo,2,No,30,City,"Driver was SB on Klainert.  4 y/o ran into street and was struck by driver.  Driver fled, but was located by police and arrested for criminal vehicular operation.",Yes,Driver,4,Male,St. Paul,55117,,,,,36,Male,St. Paul,55104,Yes,Suspected Serious Injury,Yes,,,,"(44.98578857, -93.09110687)",1
Bike,Yes,05/29/2018 06:53:00 AM,18-114412,Western District,Dale St N & Maryland Ave W,4,Yes,30,County - State Aid Highway,"Bike was EB on Maryland.  Driver was EB Maryland, making a right to SB Dale as the light turned green.",No,None,,,,,37,Female,St. Paul,55117,38,Female,St. Paul,55117,,,,Yes,Possible Injury,Yes,"(44.9774436, -93.12651302)",1
Bike,Yes,05/29/2018 02:44:00 PM,18-114809,Western District,University Ave W & Chatsworth St N,4,Yes,30,County - State Aid Highway,"Vehicle was WB University with green light.  2 boys were crossing University against the light, and said they did not see any traffic.  Vehicle swerved to avoid bikers and went onto sidewalk, striking a pole.  No injuries.",No,None,,,,,14,Male,St. Paul,55106,42,Female,Eagan,55121,,,,No,None,No,"(44.95581842, -93.14157386)",1