Crash Type,Report Made?,Date / Time,Case Number,District,Crash Location,Lanes Of Traffic,Signal Present?,Speed Limit Of Road (MPH),Road Type,Synopsis,Ticket/Arrest?,Citation To,Pedestrian Age,Pedestrian Gender,Pedestrian City Of Residence,Pedestrian Zip Code,Biker Age,Biker Gender,Biker City of Residence,Biker Zip Code,Driver Age,Driver Gender,Driver City Of Residence,Driver Zip Code,Injury to Pedestrian?,Level of Injury to Pedestrian,Pedestrian to Hospital?,Injury to Biker?,Level of Injury to Biker,Biker to Hospital?,Crash Lat/Long Location,Count
Bike,Yes,05/29/2018 08:26:00 PM,18-115089,Western District,Snelling Ave N & Como Ave,4,Stop Sign,30,County - State Aid Highway,"Driver was WB Como, making left onto SB Snelling.  Bike was EB Como, going straight through intersection.  Stop sign for both.  Biker did not have a headlight and it was dark.  Biker road into side of vehicle.",No,None,,,,,23,Male,Minneapolis,55414,19,Male,St. Paul,55117,,,,Yes,Suspected Minor Injury,Yes,"(44.977037, -93.167661)",1
Bike,Yes,09/06/2018 06:55:00 PM,18-204590,Eastern District,Johnson Pkwy & Phalen Blvd,2,No,30,County - State Aid Highway,"Driver was WB Phalen, making right turn to NB Johnson and struck biker.",Yes,Driver,,,,,33,Female,Maplewood,55109,24,Male,White,55110,,,,No,None,No,"(44.97475074, -93.00451689)",1
Pedestrian,Yes,05/30/2018 04:45:00 PM,18-115718,Central District,6th St E & Minnesota St,3,Yes,30,Municiapl State Aid,Driver was NB Minnesota to WB 6th and struck pedestrian who was crossign in the crosswalk.  Driver cited for failure to yield to pedestrian.,Yes,Driver,52,Female,Woodbury,55129,,,,,65,Female,Blaine,55449,Yes,Possible Injury,No,,,,"(44.94767734, -93.09282878)",1
Pedestrian,Yes,05/31/2018 03:59:00 PM,18-116690,Western District,Aurora & Victoria,2,No,30,City,Pedestrian was riding on the hood of a car when he fell off and was run over.  Driver was cited for reckless driving.,Yes,Driver,38,Male,St. Paul,55104,,,,,23,Female,St. Paul,55106,Yes,Suspected Serious Injury,Yes,,,,"(44.95517676, -93.13656111)",1
Pedestrian,Yes,06/01/2018 01:51:00 PM,18-117492,Central District,Winslow Ave & George St,2,Stop Sign,30,Municiapl State Aid,"Pedestrian was riding a skateboard NB on Winslow.  Driver was EB on George.  Pedestrian was going down hill and unable to stop, ran into the side of the vehicle.",No,None,24,Male,St. Paul,55102,,,,,34,Male,Frederic (WI),54837,Yes,Suspected Minor Injury,Yes,,,,"(44.9296343, -93.08958192)",1
Pedestrian,Yes,06/04/2018 07:25:00 AM,18-119905,Central District,9th St E & Wacouta,2,Yes,30,Municiapl State Aid,Driver was SB Wacouta making left to EB 9th.  Ped was crossing in crosswalk.  Driver strck ped.  Driver cited.,Yes,Driver,57,Female,St. Paul,55106,,,,,52,Female,Lino Lakes,55038,Yes,Suspected Minor Injury,Yes,,,,"(44.953229, -93.090512)",1
Pedestrian,Yes,06/05/2018 05:35:00 PM,18-121234,Central District,Geranium & Sylvan,2,No,30,City,Driver was EB Geranium.  4 y/o ran into street and was struck.  Driver did not have a license or insurance.  Driver cited.,Yes,Driver,4,Female,St. Paul,55117,,,,,24,Female,St. Paul,55106,Yes,Suspected Minor Injury,No,,,,"(44.97652688, -93.09980345)",1
Bike,Yes,06/05/2018 06:24:00 PM,18-121291,Western District,Snelling Ave N & Thomas Ave,2,Yes,30,State - Trunk Highway,"Bike was NB on W sidewalk approaching Thomas. Driver was EB on Thomas, making a right to SB Snelling.  Driver and bike collided.  No injuries.",No,None,,,,,50,Male,St. Paul,55108,68,Male,Roseville,55113,,,,No,None,No,"(44.959178, -93.16726685)",1
Pedestrian,Yes,06/07/2018 04:04:00 PM,18-122957,Central District,Wabasha St & Exchange St,3,Yes,30,Municiapl State Aid,Pedestrian was walking SB on Wabasha and crossing Exchange on a red light.  Driver was EB with a green light.  Driver did not see pedestrian and struck the pedestrian.  Ped cited for failure to obey red light.,Yes,Pedestrian,52,Male,St. Paul,55104,,,,,67,Female,St. Paul,55106,Yes,Suspected Minor Injury,No,,,,"(44.94909393, -93.09768645)",1
Pedestrian,Yes,06/08/2018 07:23:00 PM,18-124025,Central District,5th St E & Washington St,4,Stop Sign,30,Municiapl State Aid,"Driver was NB Washington, making right onto EB 5th Street after stopping for stop sign.  Ped was crossing in crosswalk.  Driver struck the pedestrian.  Driver cited for failure to yield to pedestrian.",Yes,Driver,71,Male,Maplewood,55119,,,,,23,Female,St. Paul,55107,Yes,Suspected Minor Injury,Yes,,,,"(44.94519412, -93.09754568)",1
Bike,Yes,06/11/2018 06:54:00 PM,18-126488,Eastern District,Forest St N & Rose Ave E,2,Stop Sign,30,City,"Vehicle was WB Rose, stopped for stop sign then started to cross Forest.  Bike was SB on Forest (E sidewalk) and entered intersection as car started to drive.",No,None,,,,,12,Male,St. Paul,55106,38,Female,St. Paul,55106,,,,No,None,No,"(44.97658281, -93.0609284)",1
Pedestrian,Yes,06/11/2018 10:36:00 PM,18-126670,Central District,Jackson St N & Lawson Ave E,2,No,30,County - State Aid Highway,"On 06/11/2018 at approximately 2230 hours Unit #1 was travelling Southbound on Jackson St and while turning Eastbound on Lawson St struck a pedestrian. Paramedics arrived on scene and evaluated the pedestrian, but did not transport him to the hospital.  DARIANA AMELIA REYNOLDS (F,18YOA, cited, failure to yield to pedestrian in crosswalk).",Yes,Driver,38,Male,St. Paul,55130,,,,,18,Female,Inver Grove Heights,55077,Yes,Possible Injury,No,,,,"(44.97201891, -93.09641005)",1
Pedestrian,Yes,06/13/2018 07:10:00 PM,18-128994,Eastern District,Nokomis Ave & Bush Ave,2,No,30,City,"On 6/13/18 at 1910 hours, Unit #1 was involved in a hit and run accident with a pedestrian resulting in the pedestrian suffering significant injuries and being transported to the hospital via ambulance. The driver of Unit #1 backed Unit #1 up traveling north on Bush Ave E and then drove west on Nokomis Ave both maneuvers involved striking the victim and running her over. Unit #1 fled the scene prior to police arriving. Unit #1 was described by witnesses as a gold colored older model possibly Chevy sedan with the last three license plate digits being ""TRA""",No,None,25,Female,St. Paul,55106,,,,,,Unknown,Unknown,Unknown,Yes,Suspected Serious Injury,Yes,,,,"(44.96623, -93.018017)",1
Bike,Yes,06/13/2018 09:59:00 PM,18-128407,Western District,University Ave W & Snelling Ave N,4,Yes,30,County - State Aid Highway,Driver was EB University with green light.  Bike was NB Snelling against red light and was struck.  Biker was impaired by alcohol.  Biker cited for violation.,Yes,Biker,,,,,54,Male,Maplewood,55119,46,Female,St. Paul,55104,,,,Yes,Suspected Minor Injury,Yes,"(44.95551696, -93.16691776)",1
Bike,Yes,06/14/2018 07:30:00 AM,18-128618,Central District,Grand Ave & Ramsey St,3,Yes,30,Municiapl State Aid,Driver was WB Ramsey with green light.  Biker entered intersection against red light (confirmed by witness).,No,None,,,,,48,Male,St. Paul,55117,37,Female,Minnetonka,55305,,,,Yes,Suspected Serious Injury,Yes,"(44.94123253, -93.11609101)",1
Pedestrian,Yes,07/23/2018 12:49:00 PM,18-163972,Central District,9th St E & Minnesota,2,No,30,Municiapl State Aid,Driver was backing out of a parking lot onto 9th street and did not see the pedestrian in her wheel chair.,No,None,65,Female,St. Paul,55101,,,,,39,Male,St. Paul,55106,Yes,Suspected Minor Injury,No,,,,"(44.95000977, -93.09462015)",1
Pedestrian,Yes,06/14/2018 01:34:00 PM,18-128867,Central District,State St & Florida St E,Parking Lot,No,10,Private,"Vehicle was backing out of a parking lot at 355 State Street.  Pedestrian was on sidewalk walking.  Driver ran over pedestrian and throught he blew a tire.  Driver then pulled forward, possibly running him over again.  Very serious life threatening injuries.  Charges pending further investigation.",No,None,56,Male,Woodbury,55129,,,,,31,Male,St. Paul,55106,Yes,Suspected Serious Injury,Yes,,,,"(44.93694986, -93.07687518)",1
Bike,Yes,06/14/2018 06:19:00 PM,18-129108,Central District,7 Pl E & St. Peter St,3,Yes,30,Municiapl State Aid,"Bicyclist was southbound St. Peter St. Vehicle was southbound St. Peter St. Turned left from the right hand lane, cutting off the bicyclist. Bicyclist ran into the vehicle.",No,None,,,,,29,Male,Minneapolis,55414,72,Male,Spring Valley,51767,,,,No,None,No,"(44.94776123, -93.09807996)",1
Pedestrian,Yes,06/14/2018 08:05:00 PM,18-129216,Western District,Selby Ave & Arundle,2,No,30,Municiapl State Aid,"Intoxicated male holding onto the side of a vehicle as it drove, fell off and was injured.",No,None,26,Male,St. Paul,55103,,,,,23,Female,Minneapolis,55411,Yes,Suspected Minor Injury,Yes,,,,"(44.9466158, -93.12028082)",1
Pedestrian,Yes,06/15/2018 02:05:00 PM,18-129771,Eastern District,White Bear Ave N & Old Hudson Rd,Parking Lot,No,10,Private,"Manager of the SA store stopped a shoplifter in the parking lot.  The shoplifter got into a vehicle and drove into the manager, then fled.",No,None,26,Male,St. Paul,55119,,,,,,Male,Unknown,Unknown,Yes,Suspected Minor Injury,No,,,,"(44.95246593, -93.02532278)",1
Pedestrian,Yes,06/15/2018 09:30:00 PM,18-130122,Central District,Rice St & Como Ave,3,Yes,30,County - State Aid Highway,"Investigation continues.  Driver was NB Rice, making left onto Como.  Pedestrian may have been west of crosswalk when struck.",No,None,55,Male,Harris,55032,,,,,48,Female,St. Paul,55117,Yes,FATAL,Yes,,,,"(44.95900931, -93.10603121)",1
Bike,Yes,06/18/2018 07:36:00 PM,18-132603,Western District,Concordia Ave & Griggs,2,RRFB,30,Municiapl State Aid,"Biker was SB on walking bridge, crossing concordia.  Drier was EB Concordia.  Investigation is on-going.",No,None,,,,,29,Female,Minneapolis,55408,44,Male,St. Paul,55104,,,,Yes,Suspected Serious Injury,Yes,"(44.95112284, -93.15169859)",1
Pedestrian,Yes,06/18/2018 11:55:00 PM,18-132780,Eastern District,Earl St & Pacific St,2,No,30,Municiapl State Aid,"Vehicle was SB Earl, making a left onto EB Pacific.  Peds were crossing SB in E x-walk.  Vehicle turned and struck pedestrians.   Driver found to be impaired by alcohol; arrested for Criminal Vehicular Operation.",Yes,Driver,56,Male,St. Paul,55106,,,,,47,Male,St. Paul,55106,Yes,Suspected Minor Injury,No,,,,"(44.9516052, -93.05605852)",1
Ped2,,06/18/2018 11:55:01 PM,18-132780,,,,,,,2nd pedestrian from this crash,,,53,Female,St. Paul,55106,,,,,,,,,No,None,No,,,,,1
Pedestrian,Yes,06/19/2018 07:53:00 PM,18-133462,Western District,Snelling Ave N & Thomas Ave,4,Yes,30,State - Trunk Highway,"DV1 stated that he was driving s/b on Snelling turning e/b onto Thomas when he ""bumped"" into P1. P1 stated he was injured and went to Regions Hospital with arm, shoulder, and knee injuries. P1 stated he was in the crosswalk when V1 came out of no where and struck him. P1 had green pedestrian crossing indicator. Lights functioning normally. DV1 cited. PV1 stated that DV1 barely struck pedestrian when he fell to the ground after the impact.",Yes,Driver,41,Male,St. Paul,55104,,,,,50,Male,St. Paul,55130,Yes,Suspected Minor Injury,Yes,,,,"(44.95919432, -93.16686099)",1
Pedestrian,Yes,06/20/2018 03:31:00 PM,18-134159,Central District,Jackson St & Rose,2,No,30,County - State Aid Highway,"Driver was NB on Jackson.  Pedestrian was crossing jackson in crosswalk at Rose after exiting a city bus.  The driver backed up in traffic, strking the pedestrian and then fleeing the scene.  Good suspect information, including plate.",No,None,25,Female,St. Paul,55117,,,,,,Female,Unknown,Unknown,No,None,No,,,,"(44.9764604, -93.09645776)",1
Bike,Yes,06/20/2018 04:45:00 PM,18-134249,Eastern District,Arlington Ave E & White Bear Ave,2,Yes,30,County - State Aid Highway,"Driver was driving EB on E Arlington Ave. Driver had the green light to cross White Bear Ave. While driver was crossing the intersection, biker ignored the pedestrian light and rode his bicycle in the crosswalk heading SB on White Bear Ave crossing Arlington Ave. Driver tried to miss biker but his front bumper hit the rear tire of biker.  The bicyclist fell to the ground and received scratch marks on his left knee and left lower leg. The bicyclist and his mother declined medics. Minor injury. No citations issued.",No,None,,,,,14,Male,St. Paul,55106,21,Male,St. Paul,55119,,,,Yes,Suspected Minor Injury,No,"(44.98472289, -93.02522119)",1
Pedestrian,Yes,06/21/2018 03:31:00 PM,18-135282,Central District,Kellogg Bd E & Robert St N,6,Yes,30,State - Trunk Highway,"Vehicle was NB Robert and made a left turn to WB Kellogg on a green arrow (according to driver).  Pedestrian was crossing Kellogg on the green arrow, but stopped at median until walk sign appeared, then continued.  Driver stated she did not know she hit a pedestrian.  Investigation revealed more information and driver was cited.",Yes,Driver,58,Female,Maplewood,55109,,,,,26,Female,Minneapolis,55412,Yes,Possible Injury,No,,,,"(44.94580099, -93.08940356)",1
Pedestrian,Yes,06/23/2018 10:36:00 AM,18-137054,Central District,4 St E & Sibley St,Parking Lot,No,10,Private,"Vehicle was driving in the parking turn around area of Union Depot to set up for an event.  Driver backed into pedestrian, slow speed, minor injury.",No,None,34,Male,St. Paul,55101,,,,,61,Male,Orono,55364,Yes,Possible Injury,No,,,,"(44.947935, -93.087366)",1
Bike,Yes,06/23/2018 05:03:00 PM,18-137323,Western District,Como Ave & Winston,4,No,30,County - State Aid Highway,"Biker traveled east on como/Winston. Driver attempted to turn left (south) onto Winston from westbound como. They collided. driver stated they did not see biker. issued driver a citation for FTY-LEFT TURN (620905054254).
Biker complained of minor back pain and was seen by st. paul medics (run#: 22561)",Yes,Driver,,,,,18,Female,Hugo,55038,63,Male,Roseville,55113,,,,Yes,Possible Injury,No,"(44.9772932, -93.16952755)",1
Bike,Yes,06/26/2018 08:47:00 PM,18-140166,Western District,University Ave W & Vandalia Ave,4,Yes,30,County - State Aid Highway,Driver struck bike who was crossing in a crosswalk.  Driver cited for fail to drive with due care.,Yes,Driver,,,,,56,Male,St. Paul,55107,61,Male,Stillwater,55082,,,,Yes,Possible Injury,Yes,"(44.95561613, -93.1770799)",1
Pedestrian,Yes,06/27/2018 05:54:00 PM,18-141063,Eastern District,7th St E & Ocean St,2,No,30,Municiapl State Aid,"Driver made a right turn into the driveway of a house.  There were children playing, driver tried to avoid them, but ran over 1 of them.",No,None,4,Male,St. Paul,55106,,,,,21,Male,St. Paul,55106,Yes,Suspected Serious Injury,Yes,,,,"(44.96685689, -93.04664057)",1
Bike,Yes,06/29/2018 09:53:00 AM,18-142565,Western District,Snelling Ave S & Portland Ave,4,No,30,County - State Aid Highway,Driver was exiting parking lot onto Lexington.  Biker was riding on the sidewalk and was struck.,No,None,,,,,71,Male,St. Paul,55105,62,Male,St. Paul,55105,,,,Yes,Possible Injury,Yes,"(44.94291, -93.167006)",1
Bike,Yes,07/02/2018 11:10:00 AM,18-145174,Western District,Snelling Ave N & Hewitt,4,Yes,30,State - Trunk Highway,"Driver was WB Hewitt, making right turn to NB Snelling.  Biker SB on sidewalk, rode into vehicle.",No,None,,,,,63,Male,St. Paul,55104,24,Male,Brooklyn Park,55443,,,,Yes,Possible Injury,No,"(44.96645227, -93.16686358)",1
Pedestrian,Yes,07/04/2018 10:21:00 PM,18-147614,Eastern District,6 St E & Bates st,2,No,30,Municiapl State Aid,"Driver was WB 6th, making left to SB Bates.  Struck a pedestran that was trying to cross the street.  Driver fled the scene.",No,None,14,Male,St. Paul,55106,,,,,,Unknown,Unknown,Unknown,Yes,Possible Injury,No,,,,"(44.95763712, -93.07095855)",1
Pedestrian,Yes,07/05/2018 07:22:00 PM,18-148531,Central District,Cook Ave W & Matilda,2,No,30,City,"Driver was EB on Cook.  Ped was on a scooter, riding in street. Driver struck the pedestrian in the intersection, dragging the pedestrian.",No,None,4,Male,St. Paul,55106,,,,,33,Male,St. Paul,55104,Yes,Suspected Serious Injury,Yes,,,,"(44.9732664, -93.11243778)",1
Bike,Yes,07/06/2018 03:50:00 PM,18-149310,Eastern District,Lower Afton Rd & Winthrop St S,2,No,30,County - State Aid Highway,Biker struck vehicle that was exiting a driveway.,No,None,,,,,21,Male,St. Paul,55119,73,Female,St. Paul,55119,,,,No,None,No,"(44.93279265, -93.01222198)",1
Pedestrian,Yes,07/08/2018 12:27:00 PM,18-150780,Western District,Beulah Lane & Midway,2,No,10,City,"Child ran across the parking lot, striking a vehicle.",No,None,5,Female,Chaska,55318,,,,,23,Male,Montrose,55363,Yes,Possible Injury,No,,,,"(44.9797507, -93.15385567)",1
Pedestrian,Yes,07/13/2018 11:06:00 AM,18-154983,Western District,University Ave W & Raymond,4,Yes,30,County - State Aid Highway,ped came out from between parked cars and was struck by a moped.,No,None,59,Male,Minneapolis,55414,,,,,33,Male,Minneapolis,55406,Yes,Suspected Serious Injury,Yes,,,,"(44.96368324, -93.19759643)",1
Bike,Yes,07/13/2018 06:00:00 PM,18-155336,Central District,Rice & Sycamore,2,Yes,30,County - State Aid Highway,V1 WAS TRAVELING EASTBOUND ON SYCAMORE ATTEMPTING TO TURN SOUTH ONTO RICE ST. V1 SLOWED FOR A RED LIGHT PRIOR TO THE TURN BUT DID NOT YIELD TO A BICYCLE IN THE CROSSWALK CAUSING AN CRASH.  DRIVER CITED.,Yes,Driver,,,,,52,Female,St. Paul,55117,28,Male,St. Paul,55104,,,,Yes,Suspected Minor Injury,Yes,"(44.96477429, -93.10608703)",1
Pedestrian,Yes,07/17/2018 09:50:00 PM,18-159140,Central District,14th St & Robert St N,2,Yes,30,State - Trunk Highway,Ped crossing 14th in Marked x-walk at signal; hit & run.,No,None,45,Female,St. Paul,55101,,,,,,Unknown,Unknown,Unknown,Yes,Suspected Minor Injury,Yes,,,,"(44.95456362, -93.0978759)",1
Pedestrian,Yes,07/20/2018 05:03:00 PM,18-161711,Central District,i35E & Kellogg,3,Yes,30,County - State Aid Highway,"Pedestrian was crossing WB on Kellogg, veh was turning right onto Kellogg from NB 35e and struck ped. Driver fled scene.",No,None,57,Male,St. Paul,55106,,,,,,Female,Unknown,Unknown,Yes,Suspected Minor Injury,No,,,,"(44.94662198, -93.10430956)",1
Bike,Yes,07/20/2018 07:46:00 PM,18-161876,Central District,Farrington & Thomas,2,Stop Sign,30,Municiapl State Aid,Biker failed to stop for stop sign and struck vehicle.  Biker to told driver it was his fault and to leave prior to police arriving.,No,None,,,,,14,Male,St. Paul,55103,,Male,Unknown,Unknown,,,,Yes,Suspected Minor Injury,No,"(44.95944336, -93.11355136)",1
Pedestrian,Yes,07/23/2018 12:26:00 PM,18-163593,Eastern District,Arcade St & Wheelock,4,Yes,30,State - Trunk Highway,Driver was impaired by alcohol and had been stopped at traffic light for 3 cycles.  Pedestrian was checking on driver when the driver accelerated into reverse and pinned the pedestrian between 2 cars before fleeing.  Driver was evetnaully capture and arrested/booked for felony CVO.,Yes,Driver,30,Female,St. Paul,55117,,,,,51,Female,St. Paul,55103,Yes,Suspected Minor Injury,Yes,,,,"(44.98492644, -93.06609225)",1
Bike,Yes,07/26/2018 03:46:00 PM,18-166695,Eastern District,Arkwright & Arlington,2,No,30,City,Bike was NB on Arkwright near Arlington when vehicel struck back tire and caused bike to fall.  Driver fled.,No,None,,,,,11,Male,St. Paul,55106,,Unknown,Unknown,Unknown,,,,Yes,Suspected Minor Injury,No,"(44.98182735, -93.08370072)",1
Bike,Yes,07/28/2018 11:51:00 AM,18-168250,Western District,Marshall Ave & Finn st,3,Yes,30,County - State Aid Highway,#2 was EB on Marshall in the designated bike lane crossing Finn. #1 who was EB Marshall in the drive lane turned SB onto Finn in front of #2 causing #2 to ride into #1,Yes,Driver,,,,,56,Female,St. Paul,55104,78,Male,St. Paul,55104,,,,No,None,No,"(44.94830953, -93.18978289)",1
Bike,Yes,07/28/2018 02:08:00 PM,18-168324,Central District,Robert St S & Wood St,2,Stop Sign,30,State - Trunk Highway,VEH 1 DRIVER STATED SHE WAS STOPPED AT STOP SIGN ON WOOD ST AND ROBERT ST. VEH 1 DRIVER STATED SHE STARTED TO MAKE RIGHT TURN ONTO ROBERT FROM WOOD AND STRUCK BIKE WHO WAS N/B ROBERT [ON SIDEWALK]. VEH 1 DRIVER SAID SHE DID NOT SEE BIKE.,No,None,,,,,25,Male,St. Paul,55107,24,Female,St. Paul,55106,,,,Yes,Suspected Minor Injury,Yes,"(44.93548935, -93.08100443)",1
Pedestrian,Yes,07/30/2018 04:50:00 PM,18-170093,Eastern District,Lawson Ave E & Desoto St,2,No,30,City,Pedestrian was crossing mid-block and did not have the right of way.,No,None,6,Male,Brooklyn Park,55443,,,,,27,Female,St. Paul,55106,Yes,Possible Injury,Yes,,,,"(44.97201087, -93.08241848)",1
Bike,Yes,08/01/2018 04:02:00 PM,18-171919,Eastern District,Arcade St & Margaret St,4,No,30,State - Trunk Highway,"On 08/01/2018 at 1602 hours, Unit#2 was riding his bicycle Northbound on Arcade St towards Margaret St. Unit#1 was driving westbound to make a right turn North on Arcade St. Unit#1 did not stop at the stop sign on the intersection. Unit #2 hit the rear driver's side of Unit#1. Unit #1 did not stop and continued northbound on Arcade and then westbound on East 7th St. The driver of Unit#2 received minor scratch marks on his arm and chin. No arrest were made. License plate to Unit #1 is Unknown.",No,None,,,,,22,Male,Minneapolis,55404,,Unknown,Unknown,Unknown,,,,Yes,Suspected Minor Injury,No,"(44.96125091, -93.06593423)",1
Bike,Yes,08/02/2018 05:38:00 PM,18-172941,Western District,Grand Ave & Fairview,3,Yes,30,Municiapl State Aid,"Driver was SB on Fairview and turned into the bank parking lot, striking a biker who was in the bike lane.  Driver cited.",Yes,Driver,,,,,41,Female,St. Paul,55116,36,Male,St. Paul,55103,,,,Yes,Suspected Minor Injury,No,"(44.940095, -93.177192)",1
Bike,Yes,08/03/2018 02:29:00 PM,18-173628,Western District,Lexington Pkwy & St. Anthony Ave,4,Yes,30,County - State Aid Highway,Driver was WB St. Anthony making a right to NB Lexington and struck a biker who was crossing in crosswalk against the light.,No,None,,,,,11,Male,St. Paul,55104,58,Male,St. Paul,55104,,,,Yes,Suspected Minor Injury,Yes,"(44.95228077, -93.14673445)",1
Pedestrian,Yes,08/03/2018 09:16:00 PM,18-173988,Central District,Rice St & Pennsylvania,4,Yes,30,County - State Aid Highway,Driver was WB Pennsylvania making a left to SB Rice.  Peds were crossing in marked crosswalk.  Driver cited for FTY Ped.,Yes,Driver,34,Male,St. Paul,55102,,,,,48,Male,St. Paul,55106,Yes,Suspected Minor Injury,No,,,,"(44.9604109, -93.10605215)",1
Ped2,,08/03/2018 09:16:01 PM,18-173988,,,,,,,2nd pedestrian from this crash,,,18,Male,St. Paul,55102,,,,,,,,,Yes,Suspected Minor Injury,No,,,,,1
Pedestrian,Yes,08/04/2018 11:26:00 AM,18-174360,Eastern District,7 St E & Arcade St,4,Yes,30,County - State Aid Highway,"Driver SB Arcade, making right on red.  Ped crossing in marked x-walk.  Driver did not see the ped.",No,None,43,Male,St. Paul,55101,,,,,63,Male,St. Paul,55106,Yes,Suspected Minor Injury,Yes,,,,"(44.96201718, -93.06598543)",1
Pedestrian,Yes,08/05/2018 11:55:00 AM,18-175111,Eastern District,Payne Ave & Jenks Ave,2,No,30,County - State Aid Highway,Striking SUV (driver-King) had been SB Payne Avenue at Jenks Avenue and turned into the building to avoid NB Payne vehicle (driver-Lemke) that had started to turn left to go into the dead end via WB Jenks.  Turning vehicle failed to yield to SB Payne SUV.  Pedestrian at SW corner of Payne/Jenks suffered non-life threatening injuries.  The building at 989 Payne was damaged.,Yes,Driver,40,Male,St. Paul,55106,,,,,26,Female,St. Paul,55130,Yes,Suspected Minor Injury,No,,,,"(44.971058, -93.073666)",1
Bike,Yes,08/05/2018 04:49:00 PM,18-175275,Eastern District,Maryland Ave & Johnson Pkwy,4,Yes,30,County - State Aid Highway,"Driver was WB Maryland, turning right onto NB Johnson.  Biker was in crosswalk and strck by driver.",Yes,Driver,,,,,63,Male,St. Paul,55106,43,Female,St. Paul,55130,,,,Yes,Possible Injury,No,"(44.97763736, -93.04703018)",1
Bike,Yes,08/06/2018 05:45:00 PM,18-176156,Eastern District,McAfee St & Nebraska,2,No,30,City,"Unit 1 (bicyclist) was westbound Nebraska Ave E following two other bicyclists. Unit 2 was southbound on Mcafee St proceeding into the intersection of Nebraska Ave with the right of way. Unit 2 saw the first two bicyclists and slowed to allow them to pass, but did not see the third (Unit 1) until she had struck him in the rear tire of the bicycle. Unit 1 then came off his bicycle and struck Unit 3 with his head in the rear taillight, breaking the taillight. Unit 1 had only minor injuries, but was transported to Regions for medical evaluation. No citations at this time. See packet writer report for further.",No,None,,,,,9,Male,St. Paul,55106,34,Female,St. Paul,55106,,,,Yes,Suspected Minor Injury,Yes,"(44.98659559, -93.04440622)",1
Pedestrian,Yes,08/07/2018 08:27:00 AM,18-176581,Western District,Cleveland Ave S & Pinehurst,2,No,30,County - State Aid Highway,Pedestrian was walking westbound on Pinehurst in the cross walk when driver pulled out of the bank to head northbound onCleveland Ave and hit ped.,No,None,33,Male,Roseville,55113,,,,,71,Female,Minneapolis,55417,Yes,Possible Injury,No,,,,"(44.91888242, -93.18732898)",1
Pedestrian,Yes,08/07/2018 08:07:00 PM,18-177496,Central District,Rice St & Manitoba,2,No,30,County - State Aid Highway,"On 8/7/2018 at 2007 hours, a squad came upon a motor vehicle accident involving a pedestrian, at the intersection of Rice Street and Manitoba Ave West.  Witnesses reported the juvenile male ran into the roadway as the vehicle was traveling southbound on Rice street. There were no injuries and no damage to property.  Information was gathered at the scene for report purposes.",No,None,13,Male,Maplewood,55109,,,,,33,Female,St. Paul,55130,No,None,No,,,,"(44.96835431, -93.10597284)",1
Pedestrian,Yes,08/08/2018 04:21:00 PM,18-178284,Western District,1450 Energy Pk Drive,4,No,30,County - State Aid Highway,Driver of Unit 1 was traveling EB on Energy Park in the right lane of travel. A semi truck was stopped in the left lane of travel also traveling EB with it's hazards on. The semi truck was stopped for a pedestrian attempting to cross at the marked cross walk. Driver of Unit 1 stated that his vision was obstructed by the semi truck and did not see the pedestrian attempting to cross in the cross walk as he struck her. Female was struck and transported to Regions for treatment. No citations issued at this time.,No,None,46,Female,Oakdale,55128,,,,,44,Male,St. Paul,55108,Yes,Suspected Minor Injury,Yes,,,,"(44.9719827, -93.1619405)",1