Crash Type,Report Made?,Date / Time,Case Number,District,Crash Location,Lanes Of Traffic,Signal Present?,Speed Limit Of Road (MPH),Road Type,Synopsis,Ticket/Arrest?,Citation To,Pedestrian Age,Pedestrian Gender,Pedestrian City Of Residence,Pedestrian Zip Code,Biker Age,Biker Gender,Biker City of Residence,Biker Zip Code,Driver Age,Driver Gender,Driver City Of Residence,Driver Zip Code,Injury to Pedestrian?,Level of Injury to Pedestrian,Pedestrian to Hospital?,Injury to Biker?,Level of Injury to Biker,Biker to Hospital?,Crash Lat/Long Location,Count
Bike,Yes,08/12/2018 09:37:00 AM,18-181720,Western District,Avon & Summit,2,No,30,Municiapl State Aid,"Driver and Biker both EB Summit.  Driver moved to right and into bike lane, striking the biker.",Yes,Driver,,,,,48,Male,St. Paul,55104,69,Male,Mendota Heights,55118,,,,No,None,No,"(44.94125075, -93.13424065)",1
Bike,Yes,08/12/2018 09:38:00 PM,18-182102,Central District,Maryland Ave & L'Orient,6,Yes,30,County - State Aid Highway,"On 08/12/2018 at about 2140 hours, Officers were sent to Maryland and L'Orient on a roll over crash. Three people were transported to Hospital. a bicyclist and another vehicle were also struck, but no others were transported to Hospital.",No,None,,,,,47,Male,St. Paul,55102,49,Male,St. Paul,55106,,,,No,None,No,"(44.97701561, -93.09067352)",1
Pedestrian,Yes,08/13/2018 05:30:00 PM,18-182845,Eastern District,Edgerton & York,2,No,30,City,Child ran into street and driver was unable to stop in time.,No,None,7,Female,St. Paul,55106,,,,,29,Female,St. Paul,55130,Yes,Suspected Minor Injury,Yes,,,,"(44.96845727, -93.07511888)",1
Bike,Yes,08/13/2018 05:40:00 PM,18-182857,Central District,Bellows St & Page,2,Stop Sign,30,City,Biker failed to obey stop sign and struck vehicle.,No,None,,,,,12,Male,St. Paul,55107,24,Female,Roseville,55113,,,,Yes,Suspected Minor Injury,Yes,"(44.92461949, -93.09267638)",1
Bike,Yes,08/14/2018 08:54:00 AM,18-183310,Eastern District,Payne Ave & Minnehaha,3,No,30,Municiapl State Aid,Motorcycle entering roadway was struck by a biker riding on sidewalk at high rate of speed.,No,None,,,,,17,Male,St. Paul,55130,41,Male,St. Paul,55101,,,,Yes,Suspected Minor Injury,Yes,"(44.96333697, -93.07351338)",1
Bike,Yes,08/15/2018 05:46:00 AM,18-184237,Eastern District,Arcade St & Neid St,2,Stop Sign,30,Municiapl State Aid,Driver EB Neid to SB Arcade struck biker.  Driver fled.,No,None,,,,,74,Male,St. Paul,55119,,Female,Unknown,Unknown,,,,Yes,Suspected Minor Injury,Yes,"(44.96716243, -93.06603159)",1
Pedestrian,Yes,08/15/2018 08:54:00 AM,18-184323,Eastern District,Maryland Ave & Weide,2,No,30,County - State Aid Highway,Police officer was struck by a vehicle that was trying to flee after benig stopped for failure to yield to a pedestrian.  Driver arrested and later charged for multiple violations.,Yes,Driver,46,Male,St. Paul,55101,,,,,54,Male,St. Paul,55117,Yes,Suspected Minor Injury,Yes,,,,"(44.977472, -93.06757925)",1
Pedestrian,Yes,08/15/2018 07:05:00 PM,18-184948,Central District,Rice St & University,4,Yes,30,County - State Aid Highway,"Vehicle was WB University, Pedestrian SB Rice with right of way.  Vehicle failed to yield to ped and struck the ped lightly after slamming on brakes.  Driver fled.",No,None,11,Female,"Chicago, IL",0,,,,,,Unknown,Unknown,Unknown,No,None,No,,,,"(44.95589509, -93.10600358)",1
Pedestrian,Yes,08/16/2018 10:16:00 AM,18-185397,Western District,Horton & Lexington,2,Yes,30,County - State Aid Highway,Vehicle 1 turned south to east on green light.  Ped crossing north in crosswalk on green/walk.  Driver was cited for failure to yield to ped.,Yes,Driver,84,Female,St. Paul,55103,,,,,73,Male,St. Paul,55103,Yes,Possible Injury,No,,,,"(44.977436, -93.146635)",1
Pedestrian,Yes,08/16/2018 11:30:00 AM,18-185485,Eastern District,Maryland Ave E & Payne Ave,3,Yes,30,County - State Aid Highway,Vehicle #1) Driver stated he was S/B on Payne and turning W/B on Maryland when he struck a pedestrian in the crosswalk.  Driver admitted that he did not see the pedestrian prior to hitting her.  driver of vehicle #1 was cited for failure to yield to a pedestrian in a crosswalk.,Yes,Driver,87,Female,St. Paul,55106,,,,,24,Male,St. Paul,55106,Yes,Possible Injury,Yes,,,,"(44.97746211, -93.07364372)",1
Pedestrian,Yes,08/16/2018 01:16:00 PM,18-185596,Western District,Chatsworth & Fairmount,2,No,30,City,"On 08/16/2018 at approximately 1316 hours, SPPD officers were sent to the intersection of Chatsworth Street and Fairmount Ave for a reported hit and run accident. Upon arrival, Officers learned a pedestrian was struck by a vehicle and the vehicle was observed leaving the scene. Subsequently, no one was injured.",No,None,36,Male,Red Wing,55066,,,,,,Female,Unknown,Unknown,No,None,No,,,,"(44.93674536, -93.1413392)",1
Bike,Yes,09/07/2018 11:31:00 AM,18-205104,Eastern District,Oldhudson Rd & Van Dyke St,Parking Lot,No,10,Private,driver was SB in parking lot.  Bike was EB on sidewalk.  Conflicting information from independent witnesses.,No,None,,,,,41,Female,St. Paul,55103,20,Female,Austin,55912,,,,Yes,Possible Injury,Yes,"(44.95276018, -93.0215913)",1
Bike,Yes,08/16/2018 03:36:00 PM,18-185684,Eastern District,Mendota & York,2,Stop Sign,30,City,"Veh 1 was a 7 year old on a bicycle who was Southbound on Mendota riding on the sidewalk, as he approached the intersection of York/ Mendota he did not stop at the end of the sidewalk and rode into the traffic lane striking the rear quarter panel of Veh 2. Veh 2 was driving East on York passing through the intersection and was struck by the bicycle. Veh 2 did not have a stop sign and was not speeding.",No,None,,,,,7,Male,St. Paul,55106,50,Female,St. Paul,55106,,,,No,None,No,"(44.96855952, -93.06363089)",1
Pedestrian,Yes,08/18/2018 08:06:00 AM,18-187329,Central District,5 St E & Wall St,2,No,30,Municiapl State Aid,Traffic Accident-Personal Injury.  A 3 year old child was struck by a vehicle entering a parking space at the Farmers' Market.  The child did not have any visible injuries but was transported to Children's Hospital as a precaution.,No,None,3,Female,St. Paul,55102,,,,,39,Female,Minneapolis,55417,Yes,Possible Injury,Yes,,,,"(44.9498609, -93.0856667)",1
Pedestrian,Yes,08/18/2018 07:32:00 PM,18-187782,Western District,Sherburne & Arundel,2,No,30,City,Veh 1 was occupied by several people attempting to steal the pedestrian's groceries he had outside on the sidewalk. When confronted the vehicle began traveling west on Sherburne Ave toward the pedestrian who jumped onto the vehicle hood and was carried several feet away before falling off the vehicle.,No,None,33,Male,St. Paul,55107,,,,,,Male,Unknown,Unknown,Yes,Possible Injury,No,,,,"(44.95669681, -93.11840491)",1
Pedestrian,Yes,08/19/2018 10:15:00 PM,18-188584,Western District,Dale St N & Edmund St,4,No,30,County - State Aid Highway,"Driver was SB Dale, peds crossing at Edmund.  Driver did not see them until too late and was unable to stop.",No,None,30,Male,St. Paul,55106,,,,,63,Female,St. Paul,55117,Yes,Suspected Serious Injury,Yes,,,,"(44.95847489, -93.1263753)",1
Bike,Yes,08/20/2018 12:35:00 PM,18-189015,Western District,7 St W & Maynard Drive,2,Stop Sign,30,City,"Bicyclist #1 was W/B on the south sidewalk of 7th street W approaching East Maynard Dr. He said vehicle #2 pulled up to the stop sign N/B Maynard Dr in front of him and he ran into the passenger side rear of vehicle #2 Driver of vehicle #2 stated she was N/B Maynard Dr approaching 7th street W, where she was going to make a left turn onto W/B 7th street. She said she did not see W/B cyclist #1 on the sidewalk when she pulled up to the stop sign and cyclist #1 ran into the passenger side rear of her vehicle.",No,None,,,,,23,Male,St. Paul,55116,55,Female,St. Paul,55102,,,,Yes,Possible Injury,No,"(44.90251261, -93.16860218)",1
Pedestrian,Yes,08/21/2018 07:50:00 PM,18-190293,Central District,Western Ave N & Hatch,2,No,30,Municiapl State Aid,Ped stated she was walking north bound on Western Ave N. on the west side of the street. Ped stated she was crossing Hatch Ave when a white sedan driving north bound on Western Ave turned onto west bound Hatch Ave and struck her. Ped stated the vehicle hit her left side causing her to fall on the ground.  Vehicle fled.,No,None,38,Female,St. Paul,55117,,,,,,Unknown,Unknown,Unknown,Yes,Possible Injury,No,,,,"(44.97107139, -93.11620152)",1
Bike,Yes,08/22/2018 07:40:00 AM,18-190626,Western District,Chatsworth & Summit,2,No,30,Municiapl State Aid,"Unit #1 was traveling E/B on Summit Av. West of Chatworth St. Unit #2 was traveling on becycle on W/B on Summit Av., East of Chatsworth St.
Driver of Unit #1 stated while he was traveling E/B on Summit Av, he was driving behind two other vehicle that was going N/B on Chatsworth St. He stated he was also going N/B on Chatsworth St. He stated once those vehicle turned N/B on
Chatsworth, he turned as well and struck Unit #2. Unit #2 stated he was traveling on bicycle on W/B on Summit Av, West of Chatsworth St. He stated as he was crossing Chatsworth St., he was struck by Unit #1  Driver cited.",Yes,Driver,,,,,52,Male,St. Paul,55105,50,Male,St. Paul,55105,,,,Yes,Suspected Minor Injury,No,"(44.9413934, -93.14141975)",1
Bike,Yes,08/24/2018 10:55:00 AM,18-192683,Central District,I35E & St. Clair,4,No,30,Municiapl State Aid,Vehicle #1 East bound on St.Clair Ave. and in the procrss of making a left turn onto Hwy 35E on ramp. Bicyclist West bound on St. Clair Ave. and was in the crosswalk at Hwy 35E on ramp. Vehicle #1 did not yield for the bicyclist and proceeded through with turn and struck bicyclist.  Driver cited.,Yes,Driver,,,,,43,Male,White Bear Lake,55110,56,Female,Roseville,55113,,,,No,None,No,"(44.93430314, -93.12554643)",1
Bike,Yes,08/25/2018 07:13:00 PM,18-193912,Western District,Prior & St. Clair,2,Stop Sign,30,Municiapl State Aid,Witness stated biker did not stop for stop sign and struck vehicle.,No,None,,,,,52,Male,St. Paul,55116,71,Female,Minneapolis,55406,,,,No,None,No,"(44.93423469, -93.18224517)",1
Pedestrian,Yes,08/27/2018 07:40:00 AM,18-195021,Central District,Rice St & Arlington,4,Yes,30,County - State Aid Highway,Unit #1 was traveling south on Rice St. on a green light when Unit #2 (pedestrian) ran against the light eastbound across Rice St. on Arlington Ave. Unit #1 struck the pedestrian in the intersection with the front of her vehicle causing injuries to the pedestrian. The pedestrian was transported to regions Hospital for evaluation. Driver of Unit #1 did not appear to be operating her vehicle under the influence of any alcohol or drugs. Unit #1 sustained minor damage to its front hood. Drive of Unit #1 had a valid drivers license and current insurance information. No injuries to driver of Unit #1.,No,None,21,Female,Vadnais Heights,55127,,,,,37,Female,St. Paul,55117,Yes,Suspected Minor Injury,Yes,,,,"(44.98459088, -93.10584837)",1
Pedestrian,Yes,09/10/2018 07:07:00 AM,18-408228,State Patrol,I35 E & Maryland,4,Yes,30,County - State Aid Highway,"Bus driver made right turn to SB I35E and struck pedestrian (in a wheel chair).  Bus said pedestrian was on the sidewalk when he started to turn.  Witness stated pedestrian was already in the crosswalk.  No injury, wheel chair disabled.",No,None,76,Male,St. Paul,55117,,,,,41,Male,Arden Hills,55112,No,None,No,,,,"(44.97628572, -93.08971595)",1
Bike,Yes,08/27/2018 01:17:00 PM,18-195284,Eastern District,Payne Ave & Case,2,Yes,30,County - State Aid Highway,"Unit #1 was stopped southbound on Payne at Case Avenue. After the light cycled to green, unit #1 attempted to make a left turn onto eastbound Case Avenue. Unit #1 collided with unit #2, which was southbound in the northbound bike lane. The driver of unit #2 mentioned that she was in the marked crosswalk. CCTV cameras show that she was actually in the bike lane going the wrong direction prior to the accident. The crash itself was not captured on the CCTV. Unable to locate any independent witnesses while on scene. No citations issued.

 Lime E-Scooter",No,None,,,,,17,Female,St. Paul,55106,,Unknown,Unknown,Unknown,,,,Yes,Possible Injury,Yes,"(44.9702883, -93.07348389)",1
Pedestrian,Yes,08/27/2018 08:49:00 PM,18-195698,Western District,Marshall Ave & Prior,3,Yes,30,County - State Aid Highway,Pedestrian was on a skateboard in the street when struck by an unknown vehicle that fled.  Pedestrian was not cooperative with the investigation.,No,None,38,Male,St. Paul,55103,,,,,,Unknown,Unknown,Unknown,Yes,Possible Injury,Yes,,,,"(44.94843599, -93.18273618)",1
Pedestrian,Yes,08/28/2018 09:51:00 PM,18-196677,Western District,University Ave W & Lexington Pkwy,4,Yes,30,County - State Aid Highway,driver making a right turn to SB Lex from EB Uni struck ped that was in crosswalk.  Driver cited.,Yes,Driver,17,Female,St. Paul,55119,,,,,26,Male,Bloomington,55420,No,None,No,,,,"(44.9555274, -93.14676048)",1
Pedestrian,Yes,08/29/2018 04:07:00 PM,18-197314,Eastern District,Case Ave E & Arkwright,2,No,30,Municiapl State Aid,"VEHICLE 1 was travelling westbound on Case avenue when a pedestrian had ran out into the roadway, between two legally parked vehicles, and struck the pedestrian. The pedestrian had struck the middle of the front bumper and fell to the ground. The pedestrian did not have any marks on her arms. No marks were observed on the vehicle.",No,None,36,Female,St. Paul,55119,,,,,61,Male,St. Paul,55117,No,None,No,,,,"(44.97022425, -93.08246208)",1
Pedestrian,Yes,08/29/2018 04:35:00 PM,18-197357,Western District,Selby Ave & Milton St,2,No,30,County - State Aid Highway,"UNIT 1, a WHEELCHAIR, was traveling eastbound in the westbound lane of Selbby Ave at Milton St N when it sideswiped UNIT 2, which was legally parked on the side of the road on Selby Ave. Driver of the motorized wheelchair said he could not see well and the sidewalks are too broken and bumpy for him to ride
on. Driver/Owner of Unit 2 was sitting in her vehicle when Unit 1 sideswiped her. Driver said Unit 1 was traveling eastbound in the westbound lane and scratched her car with the wheelchair. There were no injuries. No citations were issued as a result of this crash.",No,None,42,Male,St. Paul,55104,,,,,29,Female,Brooklyn Park,55443,No,None,No,,,,"(44.9466373, -93.13909624)",1
Bike,Yes,08/30/2018 05:05:00 PM,18-198347,Western District,Pascal St N & Marshall Ave,3,No,30,County - State Aid Highway,"Driver was a stopsign, SB Pascal.  Driver make a lef tturn, in front of 2 that were travellign WB on Marshall.  One othe 2 was his by 2 in te front of vehicle.  Driver declined meditc.",No,None,,,,,28,Male,St. Paul,55105,,Unknown,Unknown,Unknown,,,,No,None,No,"(44.94858348, -93.16236438)",1
Bike,Yes,08/31/2018 01:25:00 PM,18-199043,Eastern District,Minnehaha Ave E & White Bear Ave,2,Yes,30,State - Trunk Highway,"Driver was WB Minnehaha at White Bear.  Driver saw biker, who was on sidewalk not attempting to cross.  Driver made right turn to SB White Bear.  Biker was NB White Bear on E sidwalk.  Biker observed 7 seconds left on crosswalk sign and decided to go at same time and was struck by vehicle.",No,None,,,,,15,Male,St. Paul,55119,25,Male,St. Paul,55106,,,,Yes,Suspected Minor Injury,No,"(44.96310662, -93.02537946)",1
Pedestrian,Yes,09/01/2018 06:52:00 PM,18-200232,Western District,Hamline Ave N & University Ave W,4,Yes,30,County - State Aid Highway,"Driver was NB Hamline, making right to EB University and struck a female in a wheelchair.  Driver said he did not see the female because the wheelchair was close to ground.  Pedestrian had the walk signal.",No,None,70,Female,St. Paul,55117,,,,,19,Male,Edina,55439,Yes,Possible Injury,Yes,,,,"(44.95554292, -93.15687269)",1
Pedestrian,Yes,09/02/2018 01:13:00 AM,18-200561,Western District,Aurora Ave & Dale St N,4,No,30,County - State Aid Highway,Driver was SB on Dale making a right to WB Aurora.  Pedestrian was crossing Aurora and was struck by driver.,No,None,52,Male,Minneapolis,55403,,,,,19,Female,Little Canada,55117,Yes,Suspected Serious Injury,Yes,,,,"(44.95488349, -93.12642318)",1
Pedestrian,Yes,09/03/2018 03:05:00 PM,18-201626,Central District,Jackson St & 14th St,2,No,10,Private,"Driver was pulling into Regions Hosptial parking lot.  Elderly male using a walker, walked into the back of the vehicle and fell.",No,None,62,Male,Brooklyn Center,55430,,,,,60,Male,Little Canada,55117,No,None,No,,,,"(44.95441069, -93.09526692)",1
Pedestrian,Yes,09/03/2018 10:25:00 PM,18-202751,Central District,Dale St N & Arlington,4,Yes,30,County - State Aid Highway,"Driver was SB Dale, turning left onto EB Arlington.  Pedestrian was crossing in crosswalk.  Driver cited for failure to yield to pedestrian.",Yes,Driver,61,Male,St. Paul,55117,,,,,56,Female,St. Paul,55117,Yes,Possible Injury,No,,,,"(44.98462736, -93.12620663)",1
Pedestrian,Yes,09/04/2018 06:32:00 AM,18-202086,Western District,Randolph Ave & Sneling Ave S,4,Yes,30,County - State Aid Highway,Driver was WB on Randolph from Snelling.  Pedestrian was in the street and was struck.  Minor injuries.  No citations.,No,None,25,Male,St. Paul,55119,,,,,60,Female,St. Paul,55105,Yes,Possible Injury,Yes,,,,"(44.92693157, -93.16718498)",1
Pedestrian,Yes,09/05/2018 04:45:00 PM,18-203455,Western District,Grand Ave & Chatsworth,3,Stop Sign,30,Municiapl State Aid,"Driver was SB Chatsworth, making left to EB Grand.  Pedestrian was walking SB in marked crosswalk.  Driver cited.",Yes,Driver,33,Female,St. Paul,55102,,,,,80,Female,St. Paul,55105,Yes,Suspected Minor Injury,Yes,,,,"(44.939973, -93.14151)",1
Bike,Yes,09/10/2018 12:52:00 PM,18-207649,Central District,7 St E & Kittson,4,Yes,30,State - Trunk Highway,Electric scooter was EB on north sidewalk when it struck vehicle that was stopped SB at 7th & Kittson.,No,None,,,,,26,Female,St. Louis Park,55071,65,Male,New Prague,56071,,,,No,None,No,"(44.95477484, -93.08078334)",1
Pedestrian,Yes,09/11/2018 11:35:00 AM,18-208524,Central District,Rice St & Front,4,Yes,30,County - State Aid Highway,"Driver was starting in traffic, NB Rice when pedestrian ran in front against light.",No,None,49,Female,St. Paul,55104,,,,,77,Male,Roseville,55113,Yes,Possible Injury,No,,,,"(44.97023948, -93.1059549)",1
Pedestrian,Yes,09/11/2018 04:10:00 PM,18-208752,Central District,Livingston & Fillmore,2,No,30,Municiapl State Aid,Driver was EB Fillmore and struck pedestrian that was crossing SB in marked x-walk.,No,None,51,Male,Lino Lakes,55014,,,,,64,Female,Burnsville,55337,No,None,No,,,,"(44.94085893, -93.0861094)",1
Pedestrian,Yes,09/12/2018 02:36:00 PM,18-209696,Central District,University Ave E & Olive St,4,Yes,30,County - State Aid Highway,Driver was SB Olive turning left onto EB University and struck pedestrian who was in crosswalk.,Yes,Driver,57,Female,St. Paul,55107,,,,,27,Female,St. Paul,55107,No,None,No,,,,"(44.95785427, -93.08753031)",1
Bike,Yes,09/13/2018 07:12:00 AM,18-210285,Central District,Kellogg Blvd & Sibley St,4,Yes,30,Municiapl State Aid,"Driver was WB Kellog.  Bike was EB, making left to NB Sibley.  Both stated they were entering on a yellow light. Driver struck front tire of bike.",No,None,,,,,31,Male,St. Paul,55116,17,Male,St. Paul,55106,,,,Yes,Possible Injury,Yes,"(44.94711777, -93.08676942)",1
Bike,Yes,09/13/2018 03:30:00 PM,18-210689,Eastern District,Cayuga St & Phalen Blvd,4,Yes,30,Municiapl State Aid,Driver turning WB onto Phlaen.  Bike was crossing Cayuga.  Driver struck Bike's front tire.  Driver cited.,Yes,Driver,,,,,16,Female,St. Paul,55106,46,Female,St. Paul,55106,,,,No,None,No,"(44.96491687, -93.08352851)",1
Bike,Yes,09/16/2018 11:00:00 AM,18-214786,Western District,St. Clair & Cretin,2,Yes,30,Municiapl State Aid,Bike was WB on St. Clair at Cretin.  Driver opened car door and biker hit the door.,No,None,,,,,24,Female,St. Paul,55105,52,Female,Ashby,54806,,,,Yes,Suspected Serious Injury,Yes,"(44.93420446, -93.19242364)",1
Bike,Yes,09/16/2018 02:00:00 PM,18-213088,Central District,7 Pl E & Rober St N,4,Yes,30,State - Trunk Highway,"Driver was SB on Rober, making a left turn to EB 7th, struck biker.  Did not see him.",No,None,,,,,71,Male,St. Paul,55108,64,Female,Inver Grove Heights,55076,,,,Yes,Suspected Minor Injury,No,"(44.94972561, -93.09309047)",1
Pedestrian,Yes,09/17/2018 12:05:00 PM,18-213827,Western District,University Ave W& Fairview,Parking Lot,No,10,Private,Driver struck pedestrian while backing up in a parking lot.,No,None,74,Female,St. Paul,55104,,,,,74,Female,St. Paul,55104,Yes,Suspected Minor Injury,Yes,,,,"(44.95549533, -93.17710304)",1
Bike,Yes,09/17/2018 02:00:00 PM,18-214180,Western District,Cretin Ave S & St. Clair,2,Yes,30,County - State Aid Highway,"Biker was SB on Cretin, Vehicle turned WB at St. Clair and bumped her.  Driver fled scene.",No,None,,,,,19,Female,Sauk Rapids,56379,71,Female,St. Paul,55105,,,,No,None,No,"(44.93425716, -93.19250261)",1
Bike,Yes,09/18/2018 07:00:00 AM,18-214419,Western District,Portland Ave & Cleveland Ave N,2,No,30,County - State Aid Highway,"Bike was NB in bike lane. Driver also NB, sides swiped bike, but continued and failed to stop.",No,None,,,,,28,Male,St. Paul,55105,,Unknown,Unknown,Unknown,,,,Yes,Suspected Minor Injury,No,"(44.94286138, -93.18723087)",1
Pedestrian,Yes,09/21/2018 04:55:00 PM,18-217516,Western District,Lexington Pkwy & Concordia,4,Yes,30,County - State Aid Highway,Stolen vehicle struck pedestrian and fled.,No,None,13,Male,St. Paul,55106,,,,,,Unknown,Unknown,Unknown,Yes,Suspected Minor Injury,No,,,,"(44.9512029, -93.14662886)",1
Pedestrian,Yes,09/24/2018 03:15:00 PM,18-219808,Eastern District,Jenks Ave & Desoto,2,No,30,City,"Pedestrian jumped out of a moving vehicle, causing his leg to get run over.",No,None,13,Female,St. Paul,55106,,,,,23,Male,St. Paul,55106,Yes,Suspected Minor Injury,Yes,,,,"(44.97107315, -93.08107464)",1
Pedestrian,Yes,09/25/2018 09:47:00 AM,18-220502,Eastern District,Phalen Blvd & Arkwright,Parking Lot,Yes,10,Private,driver backed out a parking stall and struck the pedestrian.,No,None,34,Female,Brooklyn Park,55444,,,,,54,Male,Maplewood,55109,Yes,Suspected Minor Injury,Yes,,,,"(44.965546, -93.083579)",1
Bike,Yes,09/25/2018 09:56:00 PM,18-221108,Western District,University Ave W & Western Ave N,2,Yes,30,Municiapl State Aid,"Scooter was WB on sidewalk, against light and was struck by vehicle.",No,None,,,,,29,Male,Maplewood,55119,50,Male,55117,,,,,Yes,Suspected Serious Injury,Yes,"(44.95594945, -93.11626827)",1
Pedestrian,Yes,09/26/2018 09:22:00 AM,18-221436,Eastern District,Westminster St & Hoyt,2,No,30,Municiapl State Aid,Child ran across the street to get to a bus and was struck by a vehicle.  The vehicle fled.  [SRTS],No,None,6,Male,St. Paul,55106,,,,,,Unknown,Unknown,Unknown,No,None,No,,,,"(44.98675095, -93.08626534)",1
Pedestrian,Yes,09/27/2018 10:10:00 AM,18-222449,Western District,University Ave W & Fairview,4,Yes,30,County - State Aid Highway,"Driver was SB on Fairview, turning right onto WB University.  Pedestrian was crossing University against the signal and was struck.    Pedestrian was cited.",Yes,Pedestrian,60,Female,St. Paul,55102,,,,,54,Male,Oak Grove,55011,Yes,Suspected Serious Injury,Yes,,,,"(44.95607176, -93.17718739)",1
Pedestrian,Yes,09/27/2018 11:00:00 AM,18-222493,Western District,Summit Ave & Snelling,4,Yes,30,State - Trunk Highway,"Driver was SB Snelling, making a left turn onto EB Summit.  Pedestrian was corssing in marked crosswalk and was struck.  Driver was cited.",Yes,Driver,22,Female,St. Paul,55104,,,,,63,Female,Minneapolis,55405,Yes,Suspected Minor Injury,Yes,,,,"(44.94147733, -93.16686299)",1
Pedestrian,Yes,09/28/2018 03:59:00 AM,18-408771,State Patrol,I35 E & Kellogg Blvd,2,No,30,State - Trunk Highway,"Pedestrian was walking on freeway and struck (minor, swiped) by vehicle.  Minor injuries.  Pedestrian was intoxicated.",No,None,43,Male,St. Paul,55130,,,,,53,Male,Shoreview,55126,Yes,Possible Injury,Yes,,,,"(44.94540375, -93.10614184)",1
Pedestrian,Yes,10/01/2018 07:08:00 AM,18-225521,Central District,Western Ave N & Rose Ave W,2,No,30,Municiapl State Aid,Driver was SB Western.  Pedestrian was waiting for the school bus and then ran into traffic.  [SRTS],No,None,4,Female,St. Paul,55117,,,,,60,Female,Little Canada,55117,No,None,No,,,,"(44.97609868, -93.11614803)",1
Pedestrian,Yes,10/01/2018 01:05:00 PM,18-225758,Western District,University Ave W & Simpson St,4,No,30,County - State Aid Highway,"Driver was WB University, making a right turn to NB Simpson. Pedestrian was crossing in marked crosswalk and was struck.  Driver then fled.",No,None,57,Female,North St. Paul,55109,,,,,,Unknown,Unknown,Unknown,Yes,Possible Injury,No,,,,"(44.95574837, -93.16369616)",1
Pedestrian,Yes,10/01/2018 02:59:00 PM,18-225840,Central District,7 St E & Wabasha St N,4,Yes,30,County - State Aid Highway,"Driver was NB on Wabasha.  Pedestrian darted out into traffic, mid-block and was struck.",No,None,24,Female,St. Paul,55101,,,,,56,Male,Minneapolis,55416,Yes,Possible Injury,Yes,,,,"(44.94840522, -93.09701448)",1
Bike,Yes,10/02/2018 05:48:00 PM,18-226873,Western District,Cleveland Ave N & Marshall Ave,3,Yes,30,County - State Aid Highway,"Bike was WB Marshall in bike lane. Driver was EB and made a left turn, just E of intersection into a parking log, strikign the bike.  Driver cited for failure to drive with due care.",Yes,Driver,,,,,31,Male,St. Paul,55104,19,Female,Edina,55436,,,,Yes,Suspected Minor Injury,Yes,"(44.9484487, -93.18713667)",1
Pedestrian,Yes,10/03/2018 05:56:00 PM,18-227741,Western District,Dale St N & University Ave W,4,Yes,30,County - State Aid Highway,Driver was EB University and struck pedestrian that was legally crossing in the crosswalk.,Yes,Driver,15,Female,St. Paul,55117,,,,,28,Male,St. Paul,55130,No,None,No,,,,"(44.95558122, -93.12593833)",1