Crash Type,Report Made?,Date / Time,Case Number,District,Crash Location,Lanes Of Traffic,Signal Present?,Speed Limit Of Road (MPH),Road Type,Synopsis,Ticket/Arrest?,Citation To,Pedestrian Age,Pedestrian Gender,Pedestrian City Of Residence,Pedestrian Zip Code,Biker Age,Biker Gender,Biker City of Residence,Biker Zip Code,Driver Age,Driver Gender,Driver City Of Residence,Driver Zip Code,Injury to Pedestrian?,Level of Injury to Pedestrian,Pedestrian to Hospital?,Injury to Biker?,Level of Injury to Biker,Biker to Hospital?,Crash Lat/Long Location,Count
Bike,No,10/04/2018 05:30:00 PM,NONE,Western District,Hamline Ave N & Edmund Ave,2,No,30,Municiapl State Aid,"E-Mail from witness: An elderly man riding his bicycle northbound in the Hamline bike lane was struck by a southbound car turning left on Edmund. The driver seemed shocked and upset and the man on his bicycle was talking fine and was able to walk (albeit with a limp).

I stopped to help, and was able to provide paper and a pen for them to exchange information. Neither party wanted to call anyone, but the cyclist who was hit by the driver does have the driver's insurance number and cell phone.

Just thought you'd want the info.  This occurred at about 5:30pm on 10/04/2018 at the intersection of Edmund and Hamline",No,None,70,Male,Unknown,Unknown,,,,,,Unknown,Unknown,Unknown,,,No,No,None,,"(44.958408, -93.157416)",1
Pedestrian,Yes,10/04/2018 10:39:00 PM,18-228813,Central District,University Ave E & Jackson St,4,Yes,30,County - State Aid Highway,"Driver was WB University Ave turning left to SB Jackson, striking a pedestrian who was crossing in the crosswalk.  Driver cited.",Yes,Driver,5,Female,St. Paul,55106,,,,,53,Male,St. Paul,55109,Yes,Possible Injury,Yes,,,,"(44.9559126, -93.09701371)",1
Pedestrian,Yes,10/05/2018 05:04:00 PM,18-229431,Western District,University Ave W & Simpson St,4,No,30,County - State Aid Highway,Driver was EB University.  Pedestrian was crossing in a marked crosswalk.  Driver struck the pedestrian's hand as it failed to stop.  Driver fled.,No,None,30,Female,St. Paul,55106,,,,,,Unknown,Unknown,Unknown,Yes,Possible Injury,No,,,,"(44.95552207, -93.16371229)",1
Pedestrian,Yes,10/06/2018 02:10:00 AM,18-229844,Western District,Blair & Mackubin,2,No,30,City,"Driver was EB Blair, came up onto sidewalk and struck pedestrian.  Vehicle fled.",No,None,36,Male,St. Paul,55117,,,,,,Unknown,Unknown,Unknown,Yes,Possible Injury,No,,,,"(44.9611509, -93.12214287)",1
Pedestrian,Yes,10/06/2018 09:02:00 PM,18-230403,Western District,University Ave W & Galtier,4,No,30,County - State Aid Highway,Driver was WB University.  Pedestrian ran into street (claimed he was being chased).,No,None,51,Male,Minneapolis,55404,,,,,65,Female,St. Paul,55104,No,None,No,,,,"(44.95591066, -93.11063901)",1
Pedestrian,Yes,10/11/2018 03:25:00 PM,18-234156,Western District,Dale St N & Aurora,2,No,30,City,8 y/o ran into tsreet between parked cars and was struck by driver travelling EB on Aurora W of Dale.,No,None,8,Female,St. Paul,55104,,,,,35,Female,St. Paul,55104,Yes,Possible Injury,No,,,,"(44.95487414, -93.13017389)",1
Pedestrian,Yes,10/12/2018 08:11:00 AM,18-234592,Eastern District,3 St E & Cypress St,2,No,30,City,"Unknown driver of an unknown gold colored vehicle, was traveling NB on Cypress approaching 3rd st, when the vehicle struck a pedestrian as she was crossing the intersection while in the crosswalk.",No,None,18,Female,St. Paul,55106,,,,,,Unknown,Unknown,Unknown,Yes,Suspected Minor Injury,Yes,,,,"(44.95653907, -93.05843829)",1
Pedestrian,Yes,10/13/2018 09:55:00 PM,18-235916,Western District,Snelling Ave N & Laurel,4,No,30,State - Trunk Highway,Pedestrian was crossing EB in a marked crosswalk.  Driver was NB Snelling and struck the pedestrian.  Driver cited for failure to yield to pedestrian in a crosalk.  Significant injuries.,Yes,Driver,47,Female,St. Paul,55104,,,,,76,Male,Oakdale,55125,Yes,Suspected Serious Injury,Yes,,,,"(44.94502794, -93.16699602)",1
Bike,Yes,10/15/2018 07:22:00 PM,18-237221,Central District,Maryland Ave E & Sylvan,4,Yes,30,County - State Aid Highway,"Driver was WB Maryland, making a right turn to NB Sylvan.  Bike was EB on N sidewalk and was struck by vehicle.  Driver cited.",Yes,Driver,,,,,16,Male,Little Canada,55117,53,Male,St. Paul,55117,,,,Yes,Suspected Minor Injury,No,"(44.9774406, -93.10140905)",1
Pedestrian,Yes,10/16/2018 04:50:00 PM,18-237895,Central District,Maryland Ave W & Norton St,2,No,30,County - State Aid Highway,"School bus with stop arm out was waiting for child to cross.  Driver was WB Maryland and failed to stop, striking the child.  Driver cited for multiple violations.",Yes,Driver,5,Male,St. Paul,55117,,,,,39,Male,St. Paul,55117,Yes,Suspected Minor Injury,Yes,,,,"(44.97745778, -93.11999293)",1
Pedestrian,Yes,10/18/2018 02:37:00 PM,18-239325,Central District,Como Ave & Marion,3,No,30,County - State Aid Highway,"Driver was WB Como, young boy ran across the street and was struck.",No,None,9,Male,St. Paul,55106,,,,,66,Female,St. Paul,55104,Yes,Possible Injury,Yes,,,,"(44.96095177, -93.10956891)",1
Bike,Yes,10/13/2018 12:14:00 PM,18-409215,State Patrol,I35E & W 7th St,3,Yes,30,State - Trunk Highway,"Driver was making right turn on red after exiting freeway, looking to her left.  Driver struck bike that was crosing with walk signal in crosswalk.  Driver cited.",Yes,Driver,,,,,57,Male,St. Paul,55102,53,Female,Roseville,55113,,,,Yes,Suspected Minor Injury,Yes,"(44.915636, -93.14518588)",1
Pedestrian,Yes,10/21/2018 05:03:00 PM,18-241730,Central District,Rice St & Front Ave,2,No,30,Municiapl State Aid,Vehicle was travelling legally on Front Ave going West bound. Unit 1 (pedestrian) who was running across Front Ave against traffic. Unit 1 was not inside the crosswalk.Unit 1 was later transported to Regions Hospital fro further medical evaluation.,No,None,36,Male,St. Paul,55117,,,,,33,Male,St. Paul,55117,Yes,Possible Injury,Yes,,,,"(44.97024257, -93.10639237)",1
Pedestrian,Yes,10/24/2018 03:38:00 PM,18-243986,Eastern District,White Bear Ave N & Old Hudson Rd,4,Yes,30,County - State Aid Highway,"Vehicle #1 was WB Old Hudson, turning SB White Bear, when it struck pedestrian who was walking EB in crosswalk.  Driver cited for FTY Ped.",Yes,Driver,30,Male,St. Paul,55106,,,,,25,Male,Minneapolis,55428,Yes,Suspected Minor Injury,Yes,,,,"(44.95262603, -93.02534801)",1
Pedestrian,Yes,10/26/2018 07:45:00 PM,18-245875,Western District,Lexington Pkwy N & Central Ave W,2,No,30,County - State Aid Highway,Vehicle was SB on Lexington Pkwy when it struck a Pedestrian and fled the scene.  Only information was a White Ford Taurus.,No,None,30,Male,Minneapolis,55458,,,,,,Unknown,Unknown,Unknown,Yes,Suspected Minor Injury,Yes,,,,"(44.95297554, -93.14687668)",1
Pedestrian,Yes,10/28/2018 07:42:00 PM,18-247253,Central District,Smith Ave S & Baker St W,2,No,30,City,Vehicle was SB on Smith.  11 y/o pedestrian ran across (darted) street and was struck.  No injury.,No,None,11,Female,St. Paul,55107,,,,,76,Male,"Marietta, GA",30068,Yes,Suspected Minor Injury,No,,,,"(44.92660179, -93.10191088)",1
Pedestrian,Yes,11/01/2018 02:16:00 PM,18-250327,Western District,Lexington Pkwy N & Central Ave W,2,No,30,County - State Aid Highway,"Pedestrians were crossing WB in N crosswalk and were struck by vehicle at low speed.  Driver fled, but investigation located driver.",Yes,Driver,17,Male,St. Paul,55104,,,,,35,Female,St. Paul,55104,Yes,Suspected Minor Injury,No,,,,"(44.95304929, -93.14683997)",1
Pedestrian,Yes,11/03/2018 02:05:00 PM,18-251997,Western District,Hamline Ave N & University Ave W,2,Yes,30,Municiapl State Aid,"Driver was EB University, turning to SB Hamline and struck pedestrian that was walking EB in crosswalk.  Driver cited for FTY ped.",Yes,Driver,40,Female,Minneapolis,55403,,,,,66,Female,St. Paul,55119,Yes,Suspected Minor Injury,Yes,,,,"(44.95543622, -93.15700322)",1
Pedestrian,Yes,11/04/2018 11:13:00 AM,18-252667,Central District,Rice St & Wheelock,3,Yes,30,County - State Aid Highway,Driver was SB Rice and turning EB on Wheelock.  Pedestrian was crossing NB in crosswalk and was struck.  Driver cited for FTY Ped.,Yes,Driver,17,Female,Maplewood,55107,,,,,39,Male,St. Paul,55117,No,None,No,,,,"(44.99000225, -93.10586504)",1
Pedestrian,Yes,11/04/2018 02:20:00 PM,18-252749,Western District,Dale St N & Thomas,4,Yes,30,County - State Aid Highway,"Hit and Run crash, limited information.  Pedestrian struck.",No,None,26,Female,St. Paul,55104,,,,,30,Female,Maplewood,55109,Yes,Suspected Minor Injury,Yes,,,,"(44.95935932, -93.12639257)",1
Pedestrian,Yes,11/05/2018 06:54:00 PM,18-253785,Western District,Selby Ave & Snelling Ave N,4,Yes,30,State - Trunk Highway,Pedestrian crossing Snelling in N crosswalk WB and was struck by turning vehicle that then fled scene.  Driver was identified by investigator and cited later.,Yes,Driver,57,Male,St. Paul,55105,,,,,28,Female,Minneapolis,55404,Yes,Suspected Serious Injury,Yes,,,,"(44.9465999, -93.16700729)",1
Pedestrian,Yes,11/06/2018 06:34:00 AM,18-254037,Central District,Larptenteur Ave E & Wanda St,4,No,30,County - State Aid Highway,Driver EB Larpenteur and clipped pedestrian with mirror.,No,None,16,Female,Minneapolis,55404,,,,,50,Male,St. Paul,55108,Yes,Suspected Minor Injury,Yes,,,,"(44.99175948, -93.09782651)",1
Pedestrian,Yes,11/09/2018 02:10:00 AM,18-410074,State Patrol,I94 & John Ireleand,6,No,55,State - Trunk Highway,"Driver crashed on freeway, exited vehicle to check damage and was struck by another driver who lost control on icy surface of roadway.",Yes,Driver,25,Male,Woodbury,55125,,,,,27,Female,St. Paul,55104,Yes,Possible Injury,No,,,,"(44.94994152, -93.10303761)",1
Pedestrian,Yes,11/14/2018 03:48:00 PM,18-260383,Western District,Universiy Ave W & Simpson St,Parking Lot,No,10,Private,Vehicle was exiting McDonald's drive through and struck pedestrian in parking lot.,No,None,54,Male,St. Paul,55104,,,,,22,Female,Duluth,55812,Yes,Suspected Serious Injury,Yes,,,,"(44.95549865, -93.1667312)",1
Pedestrian,Yes,11/15/2018 08:35:00 AM,18-260874,Eastern District,Case Ave & Walsh St,Alley,No,10,City,A city worker was standing behind a city truck and dump trailer in the alley behind 732 Case Av E.  A second city truck parked approx. 10 feet away behind the trailer (both facing w/b) began to slide on the ice while parked.  The vehicle slowly slid down the icy pavement in the alley.  The city worker standing behind the dump trailer did not see or hear the work truck sliding towards him.  The city worker was pinned between the city truck and city dump trailer he was standing behind.  SPFD medic 17 (run# 18-041832) responded to the scene and transported the city worker to Regions for evaluation.The two city work trucks parked in the alley were there as part of a work crew.  They were not occupied and were not running.See the original report for more detailed info and the supplement report for photos.,No,None,40,Male,St. Paul,55113,,,,,,Unknown,Unknown,Unknown,Yes,Possible Injury,Yes,,,,"(44.97035661, -93.0696858)",1
Pedestrian,Yes,11/15/2018 06:50:00 PM,18-261467,Western District,Snelling Ave N & University Ave W,5,Yes,30,County - State Aid Highway,Pestrian ran into traffic due to being chased and was struck by a vehicle.,No,None,16,Female,St. Paul,55104,,,,,28,Male,Minneapolis,55435,Yes,Suspected Minor Injury,Yes,,,,"(44.95560723, -93.16665436)",1
Pedestrian,Yes,11/15/2018 09:26:00 PM,18-261437,Western District,Snelling Ave S & Grand Ave,4,Yes,30,State - Trunk Highway,Driver was WB Grand making right to NB Snelling and struck 2 peds who were in crosswalk.  Driver cited for FTY Ped.,Yes,Driver,20,Female,St. Paul,55103,,,,,60,Male,North St. Paul,55109,No,None,No,,,,"(44.94015962, -93.16695508)",1
Ped2,,11/15/2018 09:26:01 PM,18-261437,,,,,,,statistics for pedestrian #2 of this crash: 18-261437,,,20,Female,St. Paul,55103,,,,,,,,,No,None,No,,,,,1
Pedestrian,Yes,11/17/2018 09:00:00 AM,18-262461,Central District,6 St E & Sibley St,3,Yes,30,Municiapl State Aid,Driver of Vehicle #1 was slowing in traffic while northbound Sibley St. approaching 6th St.  Driver of vehicle #1 stopped for red light at 6th St.  Pedestrian #2 began to walk on walk signal at marked crosswalk eastbound 6th St. Driver of Veh. #1 then slowly moved forward and bumped the pedestrian.  p,No,None,66,Female,St. Paul,55101,,,,,73,Male,Minneapolis,55413,Yes,Possible Injury,No,,,,"(44.94941218, -93.08888593)",1
Pedestrian,Yes,11/17/2018 08:48:00 PM,18-262921,Central District,Rice St N & Arlington Ave W,4,Yes,30,County - State Aid Highway,Driver was EB Arlington making left to NB rice and struck ped who was in crosswalk.  Vehicle fled.,No,None,25,Male,St. Paul,5117,,,,,,Unknown,Unknown,Unknown,No,None,No,,,,"(44.98458898, -93.10585854)",1
Bike,Yes,11/23/2018 06:40:00 PM,18-267194,Western District,Hamline Ave N & University Ave W,Parking Lot,No,10,Private,Hit & Run.  Driver exiting parking lot struck biker on the sidewalk.  Driver fled.,No,None,,,,,22,Male,Champlain,55316,,Unknown,Unknown,Unknown,,,,Yes,Suspected Minor Injury,No,"(44.95582065, -93.15723908)",1
Pedestrian,Yes,11/23/2018 07:15:00 PM,18-267220,Western District,Snelling Ave N & Selby Ave,4,Yes,30,State - Trunk Highway,Hit & Run.  Driver struck pedestrian and then fled.  Limited information available.,No,None,52,Female,Minneapolis,55404,,,,,,Unknown,Unknown,Unknown,Yes,Suspected Serious Injury,Yes,,,,"(44.94658076, -93.1670676)",1
Pedestrian,Yes,11/25/2018 04:30:00 PM,18-268534,Central District,George St W & Winslow,2,No,30,Municiapl State Aid,Juvenile male crossing George was struck by Hit & Run driver.  Limited information available.,No,None,9,Male,St. Paul,55107,,,,,,Unknown,Unknown,Unknown,Yes,Suspected Minor Injury,Yes,,,,"(44.92964678, -93.08824857)",1
Pedestrian,Yes,11/26/2018 05:40:00 PM,18-269468,Western District,St. Anthony Ave W & Lexington Pkwy N,3,Yes,30,Municiapl State Aid,"Driver was WB St. Anthony, making a right to NB Lex and struck pedestrian.  Driver cited for FTY Ped.",Yes,Driver,45,Female,St. Paul,55104,,,,,65,Female,St. Paul,55130,Yes,Suspected Minor Injury,Yes,,,,"(44.95208951, -93.14647862)",1
Pedestrian,Yes,12/03/2018 12:00:00 PM,18-274907,Central District,University Ave E & Jackson St,Parking Lot,No,10,Private,Vehicle backed into a pedestrian in the parking lot.,No,None,34,Female,Rosemount,55068,,,,,68,Male,Shoreview,55126,No,None,No,,,,"(44.95673048, -93.09511981)",1
Bike,Yes,12/05/2018 05:35:00 PM,18-276732,Western District,Dale St N & Minnehaha Ave W,2,No,30,County - State Aid Highway,"Unit # 1 crossed the road way when unit #2 was riding his bicycle east bound on Minnehaha Ave approaching Dale St N, when Unit #1 made contact with rear bicycle tire and then fled.  Hit & Run.",No,None,,,,,39,Male,St. Paul,55103,,,,,,,,No,None,No,"(44.96303838, -93.1267229)",1
Bike,Yes,12/05/2018 07:15:00 PM,18-276783,Western District,Summit Ave & Cretin Ave,4,Yes,30,County - State Aid Highway,"UNIT 1 was traveling southbound in the left lane on Cretin Ave at Summit Ave when it crashed into UNIT 2, which was also traveling southbound in the left lane of Cretin Ave at Summit Ave.UNIT 2, a bicycle, was stopped and attempting to make a left turn eastbound onto Summit Ave when UNIT 1 crashed into him.DRIVER OF UNIT 1, said she was traveling through the intersection and did not see UNIT 2 until the last minute when she tried to brake suddenly.  DRIVER OF UNIT 1 said she could not clearly see the bicyclist due to oncoming car headlights and it being a busy intersection.UNIT 2, the bicyclist was checked out by Medics and cleared on scene with no apparent injuries.  Bicyclist said he was not struck by the car at all, the car hit his rear tire and bent it, which caused him to fall off the bicycle.Witness on scene corroborated the statement of driver of Unit 1.UNIT 1 had minor, non-disabling damage.  Driver of Unit 1 was Valid DL and VALID INSURANCE.NO ARRESTS MADE.  NO CITATIONS issued.END OF REPORT.",No,None,,,,,29,Male,St. Paul,55104,71,Female,St. Paul,55105,,,,No,None,No,"(44.9414433, -93.19273455)",1
Pedestrian,Yes,12/06/2018 04:38:00 PM,18-277513,Central District,State St & Cesar Chavez St,2,No,30,Municiapl State Aid,"Driver failed to yield to pedestrian crossing the street in marked crosswalk with right of way.  Hit & Run, investigators located the driver and citations were issued.",Yes,Driver,70,Male,St. Paul,55106,,,,,19,Male,Fridley,55432,Yes,Suspected Minor Injury,No,,,,"(44.92983227, -93.0780367)",1
Pedestrian,Yes,12/07/2018 03:54:00 PM,18-278324,Western District,Summit Ave & Chatsworth,2,No,30,Municiapl State Aid,Unit 1 driver pulled over on the north end of Summit/Chatsworth to deliver a package. Unit 1 driver failed to put the vehicle in park and as the driver got out of the vehicle his own vehicle hit him.,No,None,34,Male,St. Paul,55104,,,,,34,Male,St. Paul,55104,Yes,Suspected Minor Injury,Yes,,,,"(44.94141386, -93.14118969)",1
Pedestrian,Yes,12/10/2018 08:35:00 AM,18-280022,Eastern District,White Bear Ave & Case Ave,2,Yes,30,County - State Aid Highway,"Vehicle was WB Case and turning left to SB White Bear, striking ped who was crossing street in crosswalk.",Yes,Driver,71,Male,St. Paul,55106,,,,,48,Male,St. Paul,55117,Yes,Suspected Minor Injury,Yes,,,,"(44.97036553, -93.02532898)",1
Pedestrian,Yes,12/10/2018 09:00:00 AM,18-280036,Central District,5 St E & Sibley St,2,Yes,30,Municiapl State Aid,"pedestrian crossing EB 5th Street at Sibley, driver did not see ped and struck him.conflicting statement about who was at fault.",No,None,39,Male,Hopkins,55343,,,,,33,Male,St. Paul,55101,Yes,Possible Injury,Yes,,,,"(44.94876482, -93.08826779)",1
Pedestrian,Yes,12/11/2018 03:15:00 PM,18-281094,Western District,Englewood Ave W & Snelling Ave N,2,Yes,30,City,"Pedestrian as crossnig mid block, w of snelling.  Vehicle was EB and struck the pedestrian.  Vehicle fled scene.",No,None,67,Female,Roseville,55113,,,,,84,Male,St. Paul,55104,Yes,Suspected Minor Injury,Yes,,,,"(44.96405576, -93.16597873)",1
Pedestrian,Yes,12/11/2018 06:17:00 PM,18-281259,Eastern District,Ruth St N & Wilson St,3,No,30,Municiapl State Aid,"driver was SB Ruth from Wilson and ped was crossing at unmarked crosswalk, striking ped at low speed.  Driver cited for no insurnace.",Yes,Driver,21,Female,Maplewood,55119,,,,,35,Female,St. Paul,55119,No,None,No,,,,"(44.95376018, -93.01515699)",1
Pedestrian,Yes,12/14/2018 07:38:00 AM,18-283551,Eastern District,Atlantic & Ross,2,No,30,City,safe routes to school.  Ped struck while crossing street to get to bus.  Hit and run.,No,None,7,Male,St. Paul,55106,,,,,,Unknown,Unknown,Unknown,No,None,No,,,,"(44.96625081, -93.05090601)",1
Bike,Yes,12/14/2018 04:00:00 PM,18-283709,Central District,Lillydale & Water St,2,No,30,City,Unit 1 and 2 were headed westbound on Water St. Unit one stated there was glare from the sun and did not see unit 2. Unit 1 hit unit 2 with their passenger side mirror. Unit 2 was in the bike lane close to the line but not over it and Unit 1 was in the roadway near the line but not over it.,No,None,,,,,35,Male,Rosemount,55068,29,Male,Spring Lake Park,55384,,,,No,None,No,"(44.93143204, -93.10307498)",1
Pedestrian,Yes,12/14/2018 05:15:00 PM,18-283762,Central District,Wabasha St S & Cesar Chavez St,2,Stop Sign,30,Municiapl State Aid,Unit 2 was crossing southbound from the northwest corner of Wabasha and Cesar Chavez. Unit 1 was stopped at the south east corner of Wabasha and Cesar Chavez. Unit 1 entered the intersection of Wabasha and Cesar Chavez while Unit 2 was in the crosswalk. Unit 1 hit unit 2 and injured her foot/ankle. Unit 1 was inside their lane prior to entering the intersection. Unit 2 was within the marked crosswalk. Unit 2 was transported to the local hospital to be treated for  her injuries.,Yes,Driver,37,Female,St. Paul,55107,,,,,47,Female,St. Paul,55106,Yes,Suspected Minor Injury,Yes,,,,"(44.93382937, -93.08411383)",1
Pedestrian,Yes,12/15/2018 12:15:00 PM,18-284369,Central District,7 St E & Wall St,2,No,30,State - Trunk Highway,"Ped crosssing WB 7th at Wall.  Black jeep ran red light and struck ped, then fled.",No,None,53,Male,North St. Paul,55109,,,,,,Unknown,Unknown,Unknown,Yes,Possible Injury,Yes,,,,"(44.95149019, -93.08748038)",1
Pedestrian,Yes,12/15/2018 10:44:00 PM,18-284817,Western District,Griggs & Concordia,2,No,30,Municiapl State Aid,Unit 1 struck pedestrian in marked crosswalk. Pedestrian was transported to regions. Driver of unit 1 was cited and released.,Yes,Driver,35,Male,St. Paul,55104,,,,,38,Female,St. Paul,55103,Yes,Suspected Minor Injury,Yes,,,,"(44.9511324, -93.15166852)",1
Pedestrian,Yes,12/20/2018 02:14:00 PM,18-288375,Eastern District,White Bear Ave N & Margaret St,4,Yes,30,County - State Aid Highway,"Vehicle #1 was N/B on White Bear Ave, approaching Margaret, and did not stop for the pedestrian in the marked crosswalk.  Vehicle #1 hit the pedestrian, causing injuries.  The pedestrian was transported to an area hospital via medics.",Yes,Driver,14,Female,St. Paul,55119,,,,,69,Female,St. Paul,55106,Yes,Suspected Minor Injury,Yes,,,,"(44.9612195, -93.02532495)",1
Pedestrian,Yes,12/20/2018 06:23:00 PM,18-288590,Central District,Maryland Ave W & Dale St,Parking Lot,No,10,Private,"Veh 1 was driving through the parking lot and came to a stop. The pedestrian crossed behind the vehicle when the vehicle began to reverse, causing the rear bumper to strike the pedestrian on the left hip area.",No,None,60,Female,St. Paul,55119,,,,,85,Female,St. Paul,55104,No,None,No,,,,"(44.97754118, -93.12657028)",1
Pedestrian,Yes,12/21/2018 09:20:00 PM,18-289523,Central District,7 St W & Webster St,Parking Lot,No,10,Private,Unit 1 was pulling into the parking lot of the pedestrian&#39;s apartment complex while pedestrian was standing outside smoking and almost hit him. Pedestrian walked up to the vehicle to take a photo of the license plate and the driver drove forward striking the pedestrian&#39;s right leg.,No,None,42,Male,St. Paul,55102,,,,,37,Male,Savage,55378,Yes,Possible Injury,No,,,,"(44.92932223, -93.12440573)",1
Pedestrian,Yes,12/23/2018 07:58:00 PM,18-290767,Eastern District,Marland Ave E & Barclay St,4,No,30,County - State Aid Highway,Pedestrian was crossing at the intersection of Barclay St and Maryland Ave E from the south side to the north side of the street from the southeast corner. There is no marked crosswalk at the intersection. Pedestrian had nearly made it across the street when she was struck by V1 in the northernmost lane of westbound traffic. She was struck on the right side and had her left foot run over by V1. V1 did not stop after striking the Pedestrian. She then walked to Walgreens at Maryland Ave and Prosperity St where she called police. She was unable to provide any description of V1 or the driver. A side mirror from the suspect vehicle was recovered from the victim.,No,None,37,Female,St. Paul,55106,,,,,,Unknown,Unknown,Unknown,Yes,Suspected Minor Injury,Yes,,,,"(44.9775367, -93.0385466)",1
Pedestrian,Yes,12/27/2018 07:50:00 PM,18-293041,Central District,10 St E & Wabasha St,2,Yes,30,Municiapl State Aid,DRIVER OF VEHICLE STATED HE WAS N/B WABASHA AND WAS TURNING LEFT ONTO W/B 10TH STREET. DRIVER STATED HE DID NOT SEE THE PEDESTRIAN IN THE CROSSWALK DUE TO THE RAIN AND LIGHTING CONDITIONS UNTIL HE HAD STRUCK HIM WITH HIS VEHICLE. NO DAMAGE TO VEHICLE. CITATION ISSUED TO GORDON.PEDESTRIAN STATED HE WAS WALKING N/B WABASHA AND CROSSING 10TH STREET IN THE CROSSWALK WHEN HE WAS STRUCK BY UNIT 1. PEDESTRIAN COMPLAINED OF LEFT LEG AND KNEE PAIN. NO VISIBLE INJURIES. PEDESTRIAN WAS TRANSPORTED TO THE HOSPITAL.,Yes,Driver,32,Male,St. Paul,55101,,,,,46,Male,St. Paul,55104,Yes,Suspected Minor Injury,Yes,,,,"(44.94984252, -93.09853295)",1
Pedestrian,Yes,12/27/2018 08:30:00 PM,18-293063,Western District,Snelling Ave N & University Ave W,4,Yes,30,State - Trunk Highway,"Unit 1 was stopped at a solid green light in the southbound lanes of Snelling Ave N at the intersection of University Ave W. Unit 1 made a left hand turn onto eastbound University Ave W when she collided with the pedestrian. The pedestrian attempted to walk from the median light rail platform to the south sidewalk on University Ave W. After the collision, the pedestrian fell to the ground which caused pain to the right side of his mid section. Unit 1 advised her vehicle had two small children inside the vehicle and one of the children did not have a seat belt on which caused her to bump her mouth which caused slight bleeding. The driver of Unit 1 stayed on scene but the vehicle did not as another passenger drove the vehicle away from the scene.Metro Transit PD and SPFD Medic #14 arrived on scene. The pedestrian was transported to Regions Hospital due to complaint of the pain to the right side of his midsection. The driver of Unit 1 was cited for Driving After Revocation, NO Insurance-Driver and Failed to Yield to Pedestrian in Crosswalk. Nothing further.",Yes,Driver,36,Male,Chaska,55318,,,,,42,Female,St. Paul,55117,Yes,Suspected Minor Injury,Yes,,,,"(44.95553662, -93.16682523)",1
Pedestrian,Yes,12/29/2018 06:43:00 AM,18-411731,State Patrol,I94 & Dale St,4,No,55,State - Trunk Highway,"V1 WAS IN THE RL.PEDESTRIAN WAS LYING IN THE RL AFTER HAVING JUMPED OFF WALKING BRIDGE LOCATED ABOVE I94 NEAR DALE ST.V1 STRUCK PEDESTRIAN.SEE CRASH RECONSTRUCTIONIST, SGT. DIXON, REPORT FOR FURTHER DETAILS.",No,None,32,Male,Unknown,Unknown,,,,,57,Female,St. Paul,55104,Yes,FATAL,Yes,,,,"(44.95193506, -93.12885516)",1
Pedestrian,Yes,12/31/2018 09:58:00 AM,18-295472,Western District,Snelling Ave S & Grand Ave,Parking Lot,No,10,Private,VEH. #1 PULLED INTO PARKING STALL.  PED. #2 WAS BUMPED BY VEH. #1&#39;S PASSENGER SIDE MIRROR.  PED. #2 ELBOW STRUCK. POSSIBLE MINOR INJURY TO ELBOW.NO CITATIONS ISSUED.,No,None,65,Male,Falcon Heights,55108,,,,,77,Male,Cottage Grove,55016,Yes,Possible Injury,No,,,,"(44.93935938, -93.16692593)",1